VariantName,GrowthRate,GrowthRateStd,Rank
BA.5.2.6,7.930441958883667,0.29815888591779016,1
BA.5.2.13,7.929847442506862,0.2982992263113018,2
BQ.1.1,7.785827821201928,0.3526406930031991,3
BF.7,7.779514559196935,0.2992092472070513,4
BF.11,7.77920951907741,0.29918117709374725,5
BA.2.75.2,7.681112763793587,0.3311468039336415,6
BM.1.1,7.680027175659033,0.33098178283780366,7
BL.1,7.677376329157697,0.3304630254985515,8
BM.2,7.677074269241681,0.33038462749272535,9
BN.1,7.676687614960944,0.3303621029023803,10
BA.5.1.18,7.647793923464112,0.2982525422305435,11
BA.5.1.20,7.647704913243108,0.298170963925763,12
BE.1.2,7.639165052405706,0.3014370164840164,13
BU.1,7.554699633545539,0.3331958082309092,14
BA.2.75.4,7.387882714459887,0.33352958095431845,15
BA.4.6.1,7.330961263323218,0.30273695210059337,16
BA.4.6,7.3305846993864465,0.30244209331354466,17
BA.4.1.8,7.328843249001538,0.3028202171985358,18
BA.4.1.9,7.328843249001538,0.3028202171985358,19
BA.5.2.14,7.320817399697428,0.29676989406738774,20
BA.5.2.7,7.320259055410585,0.296528393970121,21
BA.5.2.12,7.320148294767894,0.29613283151954245,22
BA.5.2.8,7.31980928341846,0.29607849447523277,23
BA.5.2.16,7.319549282077783,0.2961086057427741,24
BA.5.2.10,7.319491226688468,0.29598643883504294,25
BA.5.2.17,7.319445000603382,0.29636406729062453,26
BA.5.2.11,7.319410763925957,0.29605970890682576,27
BA.5.2.15,7.319388959976974,0.29664304642487843,28
BA.5.2.3,7.319151272535475,0.2959253587608377,29
BA.5.2,7.2523862739695435,0.3135045655071521,30
BA.5.1.21,7.21416491254318,0.3026052830099244,31
BT.1,7.214076631665175,0.3031300368158943,32
BA.5.2.1,7.186202103988835,0.31452079661423477,33
BF.3.1,7.179044669891311,0.29900647691518045,34
BF.3,7.176861445235634,0.2983386806992099,35
BF.23,7.176502602519341,0.2982252636327966,36
BQ.1,7.17470769121451,0.3504762869201148,37
BF.13,7.173222889427682,0.2992963336993068,38
BF.14,7.170523020773847,0.29747696843807137,39
BA.5.2.9,7.169331934469751,0.29689825487970684,40
BF.15,7.168698876502716,0.29707724803045116,41
BF.21,7.168623575540033,0.29708793835968483,42
BF.5,7.168512938380961,0.3039387078773603,43
BF.6,7.168486317279945,0.29708563550034417,44
BF.10,7.168433628079486,0.2969123556091465,45
BF.20,7.168411459867324,0.2971804330518868,46
BA.5.2.4,7.168345239986328,0.2971371951004026,47
BF.18,7.168269681832427,0.29696835575970365,48
BF.17,7.168255911165688,0.2971252444894013,49
BF.16,7.168193504813628,0.2969401031689723,50
BF.22,7.168111709372208,0.29731426771777236,51
BF.4,7.167927331575399,0.2971093702940418,52
BF.8,7.167688602896779,0.29680588360059773,53
BF.9,7.167512428669548,0.2972431221091444,54
BA.5.2.5,7.167116532841232,0.2978493453932307,55
BF.2,7.166762803915439,0.29712560189554715,56
BA.5.2.2,7.118907623397982,0.30654764438911253,57
BM.4.1,7.06903699772605,0.32919232062295384,58
BM.1,7.068966237410078,0.32898750250266795,59
BA.2.75.1,7.066315390908714,0.32843944679052317,60
BM.4,7.066084091308735,0.3285731897510612,61
BM.3,7.066021695488648,0.328631498886848,62
BA.2.75.3,7.066013330992728,0.32836734912610427,63
BN.2,7.065832298487843,0.32872623587414856,64
BA.2.75.5,7.0657264737610825,0.32832899763257506,65
BA.2.75,7.065389794767785,0.32818377963091044,66
BK.1,7.045824971424904,0.2985402290245459,67
BA.5.1.10,7.045753960088251,0.2985204144345515,68
BA.5.1.5,7.043672003584522,0.2972814989507699,69
BA.5.1,7.042322569352753,0.29683753840432603,70
BA.5.1.9,7.041910655085438,0.29665325748609694,71
BA.5.9,7.040793576118714,0.2967930980780275,72
BA.5.6.2,7.0391760166254524,0.29518013500768203,73
BA.5.1.6,7.038631586735248,0.2955697967110465,74
BA.5.10,7.038186827279175,0.2959236111892888,75
BA.5.1.2,7.037594035779557,0.2952225188215502,76
BA.5.6.1,7.037565289149353,0.2955460527228322,77
BA.5.1.12,7.037503647278224,0.29570006555989353,78
BA.5.1.7,7.037345862221685,0.2955256637120523,79
BA.5.6,7.037159104400944,0.29536539348027435,80
BA.5.1.19,7.037048480399671,0.2954427219967837,81
BA.5.1.17,7.036920829379529,0.2952304963123315,82
BA.5.7,7.036890687547018,0.29611734715168997,83
BA.5.1.15,7.036759627664331,0.2957510348721409,84
BA.5.1.13,7.036738076396724,0.2952703730127021,85
BA.5.1.3,7.036730845087209,0.2953321896123195,86
BA.5.1.16,7.036667111756976,0.29532299887193325,87
BA.5.1.8,7.036284830748582,0.29553594836419206,88
XAZ,7.036240212123168,0.2954610178112809,89
BA.5.1.14,7.0362029982574095,0.2955850631437747,90
BA.5.1.4,7.035512444717456,0.2959896287211898,91
BA.5.8,7.033167511737875,0.29627438744825996,92
BE.1.1,7.028628999657016,0.2989488604271474,93
BE.1,7.028452982387039,0.29932568208549953,94
BE.1.3,7.0262185269093465,0.2998086465146775,95
BE.2,7.0239861158215575,0.299540275651054,96
BE.3,7.023615969992262,0.2993333694442499,97
BA.5.3.1,7.023409749294587,0.2994039098326971,98
BA.5,6.976644375991419,0.3938397773739338,99
BA.5.1.11,6.939786124031429,0.3064790237781855,100
BE.1.1.1,6.939285315846421,0.31741671316057873,101
XAN,6.935565527747575,0.3081263325047307,102
BA.5.1.1,6.934876369701697,0.3084998852961163,103
XAV,6.934397392940343,0.30776874229540724,104
BF.1,6.920531485308988,0.3035553811345669,105
BF.1.1,6.916172722214222,0.30574598076533344,106
BS.1,6.914811196454137,0.34727691431498414,107
BF.19,6.893689464255144,0.2988613866394131,108
BA.5.3.3,6.881224761604105,0.3180029393255504,109
BA.5.3,6.88095134008589,0.3180147329444508,110
BA.5.3.4,6.880013319132089,0.3184259171713096,111
BA.5.5.3,6.865273701710099,0.2971880025758748,112
BA.5.5.1,6.86459153473858,0.2980044570131056,113
BA.5.5.2,6.862796025740725,0.2974789881205707,114
BA.5.5,6.862751195485654,0.2977603734713874,115
BA.5.3.2,6.858987416872183,0.3215753584826709,116
BA.4.1.1,6.853259767701281,0.39519238246218685,117
BA.4.4,6.730593635969743,0.30251990981081933,118
BA.4.1,6.725458904035271,0.30350171772616186,119
BA.4.7,6.724621559109105,0.30253099376608356,120
XAJ,6.721983774561051,0.3230756819546082,121
BA.4.3,6.71946279797717,0.3007178578165303,122
BA.4.5,6.719453176316719,0.3008811725327128,123
BA.4.1.7,6.719446533909662,0.30082369372246165,124
BA.4,6.7191384998227495,0.30062449924781137,125
BA.4.1.3,6.719135839473103,0.30088073041299207,126
BA.4.1.4,6.717933176316199,0.30131595126023086,127
BA.4.1.6,6.717711054393675,0.30075723330753035,128
BA.4.1.5,6.717650123950775,0.30080823403674395,129
BA.4.2,6.717634645859891,0.30073866206302147,130
BA.4.1.2,6.714772603313857,0.3017580059959659,131
BA.4.8,6.713282293837935,0.3018255005009119,132
XAS,6.71325232452859,0.30267335813630797,133
BF.12,6.629494551090109,0.29884059641139743,134
BH.1,6.440234758397318,0.3114443715719962,135
BA.2.74,6.431599694267501,0.30877058352063647,136
BP.1,6.426638643415912,0.31116488122905117,137
BA.2.82,6.275792885977842,0.3088197015273506,138
BA.2.3.20,6.264720886629093,0.35031839002745674,139
BA.2.38.1,6.185037832217694,0.31518021274070734,140
BA.2.77,6.072943544146456,0.3084347419844656,141
BA.2.76.1,6.041419298635488,0.3155267020369643,142
BA.2.76.2,6.040737023000927,0.3150251524147469,143
BA.2.76,6.029937663117887,0.3126516015815439,144
BG.6,6.004078856456229,0.3052797843711213,145
BG.2,6.003496329772359,0.30572483302049586,146
BG.5,6.003463675716431,0.3046869837012832,147
BG.4,6.003367899021493,0.3050190364493773,148
BG.3,6.002821553365887,0.30491979505976236,149
BG.1,6.002796614986711,0.3046744446263581,150
BA.2.80,5.992311067527687,0.3047440060849786,151
BA.2.9.4,5.991707707727173,0.3043844321310078,152
BA.2.12.1,5.974137536186221,0.3260410602628813,153
BA.2.10.4,5.9513197920666805,0.33424557086065865,154
BA.2.38.3,5.926017943331812,0.3017802525890061,155
BA.2.40.1,5.925163652644463,0.30088578418280226,156
BA.2.18,5.924571220989701,0.3008855422882787,157
BA.2.38,5.924563489760515,0.3007691547597216,158
BA.2.38.2,5.924183639159639,0.30087937934581666,159
BA.2.3.19,5.919181305587182,0.3017794924632492,160
BA.2.13.1,5.846586303671922,0.31105591444188996,161
BA.2.9.6,5.845979790500452,0.3142431371585091,162
BA.2.13,5.827936591665328,0.30794265827225786,163
BA.2.56.1,5.819901819878669,0.30696481325141267,164
BA.2.9.1,5.809161558795608,0.30903513350848044,165
BJ.1,5.799156174929183,0.34735514612961943,166
BA.2.35,5.704331324253198,0.304924200652117,167
BA.2.11,5.703389597289478,0.3043004199605775,168
BA.2.55,5.668843586618489,0.3075222224728774,169
BA.2.42,5.665073284811566,0.30605498892621447,170
BA.2.36,5.664398496102425,0.30607039351197,171
BA.2.48,5.646275550334945,0.31536927788715724,172
BA.2.79.1,5.641878930761712,0.316258741601728,173
BA.2.54,5.641768394800964,0.3158198839616145,174
BA.2.71,5.608334788447167,0.32075908841829665,175
BA.2.61,5.608334788447167,0.32075908841829665,176
BA.2.9.3,5.608292710434816,0.32076564504643484,177
BA.2.56,5.600613617577167,0.37537344096562286,178
BA.2,5.533869675157213,0.5171353244699078,179
XT,5.512315171363434,0.31096917192214407,180
BA.2.73,5.499324444456434,0.33480419716039583,181
BA.2.12.2,5.4911401349259386,0.31283223132561766,182
BA.2.19,5.482963179193917,0.3054998366141389,183
BA.2.15,5.482772266161528,0.30602728934759044,184
BA.2.16,5.482289131300759,0.30569913406465415,185
XW,5.481713620671174,0.30578305469632466,186
BA.2.10.3,5.459043556491497,0.3085305181534753,187
BA.2.12,5.453307868624222,0.31324189977156836,188
XZ,5.411109704185716,0.3073188045769167,189
XAP,5.410913565609934,0.30710813055869834,190
XAD,5.410912930707699,0.3072211224927274,191
XAH,5.407535120790724,0.3081793875596621,192
XAT,5.401938194591705,0.3088277451049605,193
XAF,5.39661859636063,0.31492069564777786,194
XV,5.396419675593762,0.31502614677569735,195
XY,5.396414797652333,0.3150269705341293,196
XH,5.396163670792766,0.3154894543949718,197
BA.2.9,5.389271538720532,0.30847324194054415,198
BA.2.52,5.384762130468917,0.30296057297599743,199
BA.2.81,5.383458901062576,0.30287471313190706,200
BA.2.23.1,5.383203917571759,0.30274695466419205,201
BA.2.20,5.382972343135048,0.30265760887377974,202
BA.2.53,5.3827240613882745,0.30238252217494194,203
BA.2.50,5.382623427865672,0.3022448942019631,204
BA.2.72,5.382623427865672,0.3022448942019631,205
BA.2.59,5.382469529217918,0.30224473832597826,206
BA.2.41,5.3821914210719815,0.30220528708349975,207
BA.2.22,5.38210196588425,0.3025894250181367,208
BA.2.79,5.382001723354744,0.30226016348171036,209
BA.2.46,5.381919078891259,0.30231305382608314,210
BA.2.70,5.381817187378235,0.3021680748399382,211
BA.2.60,5.3817596262810605,0.30296138029881875,212
BA.2.78,5.381741846334687,0.3023075391396573,213
BA.2.39,5.381661597461332,0.3024236278666298,214
BA.2.23,5.381658634919911,0.30185041036070387,215
BA.2.24,5.3815750888696074,0.3019852174286898,216
BA.2.40,5.381513631185224,0.3020123628654367,217
BA.2.14,5.381481534234634,0.30209457171617277,218
BA.2.21,5.381458481666209,0.30219038500343737,219
BA.2.63,5.381438428926364,0.3025297100378571,220
BA.2.47,5.381279253330447,0.30194510253168444,221
BA.2.65,5.381170769076741,0.3023232003104305,222
BA.2.49,5.381146826989228,0.3019080060636236,223
BA.2.37,5.381140932970034,0.3019864351061157,224
BA.2.68,5.381127661440163,0.3019860646606814,225
BA.2.62,5.381093765786492,0.30196373092080553,226
BA.2.28,5.381033449816341,0.3020856478856206,227
BA.2.31,5.381029284161466,0.30190949628725955,228
BA.2.27,5.381002349542898,0.30188940925030894,229
BA.2.45,5.380995652360691,0.3021615011206783,230
BA.2.17,5.380985707372284,0.30192286861115386,231
BA.2.30,5.380970920392981,0.3026228706899587,232
BA.2.64,5.380970188107737,0.3022427714287587,233
BA.2.57,5.380964900750919,0.3020066893594594,234
BA.2.8,5.380953223164022,0.30206906530563976,235
BA.2.9.5,5.380942200910163,0.30201348104048115,236
BA.2.67,5.3809392458344725,0.302216505353368,237
BA.2.1,5.3809329650647735,0.30182946139682687,238
BA.2.58,5.380913468301181,0.3018297624516969,239
BA.2.69,5.380894279112424,0.3023119350596995,240
BA.2.6,5.380882664985373,0.3018306602657074,241
BA.2.29,5.380872263675982,0.30186704994750496,242
BA.2.25,5.380866923727198,0.30190286290335655,243
BA.2.51,5.380846944436775,0.30205494861671617,244
BA.2.25.1,5.380840004225209,0.3021767181687148,245
BA.2.34,5.380826886802619,0.30227133992708016,246
BA.2.26,5.380824303521384,0.3019034582168826,247
BA.2.5,5.380682155400682,0.30186662097170286,248
BA.2.32,5.380568927608895,0.3020654413071461,249
XAR,5.380441113909401,0.3028490073031137,250
BA.2.2.1,5.380421820784281,0.30211805820328086,251
XN,5.380413184105257,0.3027240699674306,252
BA.2.2,5.380345808047004,0.301821799881733,253
XAU,5.380327242597384,0.302539979880983,254
BA.2.66,5.380140827447542,0.30277798385872695,255
BA.2.4,5.380017370588624,0.3022256005252065,256
BA.2.7,5.379927519787572,0.30203475237333094,257
BA.2.33,5.379896409957936,0.30244158411844313,258
BA.2.3,5.37956354076844,0.30330194528515564,259
BA.2.9.2,5.37931461401331,0.3021594913653852,260
BA.2.43,5.377392981998944,0.3034585412043357,261
BA.2.3.7,5.37639646286588,0.30292584440433373,262
BA.2.44,5.376050625445769,0.30311998087617675,263
BA.2.3.6,5.37598243719284,0.30253761539463264,264
BA.2.3.14,5.375932062580865,0.30240387181231926,265
BA.2.3.2,5.37586807501533,0.30247835512637233,266
BA.2.3.18,5.375842130100786,0.3032577971608919,267
BA.2.3.15,5.375827653222307,0.3023747604171243,268
BA.2.3.12,5.3757338790926354,0.30261388901550373,269
BA.2.3.9,5.37558303076297,0.30260756084459267,270
BA.2.3.11,5.375578687545827,0.30250283207093587,271
BA.2.3.5,5.375574885399557,0.30245429139058816,272
BA.2.3.16,5.375571230426689,0.30238388590106646,273
BA.2.3.8,5.375466162282334,0.3032295443121093,274
BA.2.3.10,5.375457817441916,0.30258069572033974,275
BA.2.3.4,5.375409005787856,0.3024982360840343,276
BA.2.3.1,5.375245445055148,0.3024200887757988,277
BA.2.3.17,5.374403721761552,0.3025381719923861,278
XJ,5.373759946738302,0.3176295880739842,279
XE,5.3722866992758656,0.3168022226309582,280
BA.2.3.13,5.371938097282918,0.30346217757235894,281
XAM,5.37109040420741,0.3036851140793367,282
XAA,5.369908977565659,0.30356601632050784,283
XQ,5.369820682812896,0.3039125119797347,284
XAG,5.369780014444524,0.30331745933477977,285
XAB,5.369780014444524,0.30331745933477977,286
XR,5.369011050606896,0.3035907291407525,287
XL,5.34691478116698,0.30654999883459144,288
XU,5.346862984813545,0.30622819526989986,289
XG,5.345645147365212,0.30651026241915563,290
XAC,5.296001149214849,0.29626985128913197,291
BA.2.10.2,5.177647256326012,0.30467500002381515,292
BA.2.10.1,5.175624085277523,0.3044029300098587,293
XAL,5.128158515760242,0.31867023573521175,294
XAQ,5.1271942111013225,0.3185850276690057,295
XM,5.1271942111013225,0.3185850276690057,296
BA.2.10,5.1247984702580665,0.31248315978975116,297
XAE,5.102849609263551,0.3000622819133937,298
BA.3.1,4.9874149563226124,0.2883393704209184,299
XAK,4.958960006770692,0.34690802640753027,300
B.1.1.529,4.912948581872658,1.2220860836911223,301
XK,4.693251854881109,0.3304824701014552,302
BA.3,4.443717187799212,0.2903582922263903,303
XP,4.408726422824993,0.2654879960818212,304
XAY,4.260355301036593,0.30944402177164054,305
BA.1.1.17,4.235416701719243,0.2642186489686098,306
BA.1.23,4.234969400858566,0.2511986984892844,307
BA.1.1.4,4.21360985310693,0.2555651806737868,308
BA.1.1.16,4.210179181364268,0.2542578871235033,309
BA.1.1.7,4.209902864029644,0.2542883588295927,310
BA.1.1.9,4.209899122770431,0.25419196343833655,311
BA.1.1.11,4.209874261867765,0.25417586657459534,312
BA.1.1.12,4.209860685029941,0.2545499137541093,313
BA.1.1.14,4.209830123589186,0.2542631121378965,314
BA.1.1.10,4.209794805290362,0.2542406654130814,315
BA.1.1.13,4.209693891909556,0.2544003329989061,316
BC.2,4.209693669412891,0.25577776842536154,317
BA.1.1.6,4.2096547485602285,0.254622192001178,318
BA.1.1.5,4.209624062648311,0.25442083672400734,319
BA.1.1.8,4.209436122503144,0.25433468661525555,320
BA.1.1.1,4.209168375593572,0.254423517632576,321
BA.1.1.3,4.208702487476008,0.25548766211959206,322
BA.1.1.15,4.208629505698442,0.2547941567838854,323
XS,4.2072183298570485,0.25480374513072945,324
BC.1,4.199913256010031,0.25780419756322387,325
BA.1.1.2,4.198758045628369,0.25649695688575497,326
BA.1.1,4.172922746709505,0.2727307271756804,327
BA.1.1.18,4.086222273514755,0.2546252741184002,328
XBA,4.051717803157157,0.3104456729630584,329
BA.1.9,3.962435897125234,0.2660801635709817,330
BA.1.18,3.9291226236455867,0.3162223962292445,331
BA.1.15.2,3.9147111875509313,0.2663679044569828,332
BA.1.24,3.901910236303028,0.2657214503470523,333
BA.1.13.1,3.879678177059886,0.25995752758180674,334
BA.1.15.3,3.8786962798855713,0.25558669838640974,335
BA.1,3.8780762638783233,0.2922446896197504,336
BA.1.15.1,3.877660105884935,0.2552213499194769,337
BD.1,3.870447125507444,0.26905640873229275,338
BA.1.2,3.856549770227332,0.25369976714651127,339
BA.1.14.2,3.8565457206195584,0.2537868663629397,340
BA.1.8,3.8565378912529584,0.2535396211235274,341
BA.1.3,3.856481670778805,0.25361717992863514,342
BA.1.14.1,3.8564699717176736,0.25342254849074297,343
BA.1.14,3.8564699717176736,0.25342254849074297,344
BA.1.10,3.856411780110667,0.2536897573642227,345
BA.1.21,3.856400742856117,0.25369264321636453,346
BA.1.16.2,3.856380546767024,0.2534966337655651,347
BA.1.5,3.8563708222561615,0.25384903478141074,348
BA.1.12,3.8563661448107416,0.2534727872426231,349
BA.1.21.1,3.856342054173774,0.25394298156644196,350
BA.1.16,3.856313174444021,0.25351126269838387,351
BA.1.6,3.856307819746832,0.25347757458475245,352
BA.1.22,3.8562787234175264,0.2536057075040063,353
BA.1.16.1,3.856251985793013,0.25428333845810097,354
BA.1.13,3.856072246759101,0.25350585839636947,355
XF,3.855982184506484,0.25436422050531143,356
BA.1.7,3.855934483179193,0.2536634792007502,357
BA.1.15,3.8554475783051534,0.26867369059569496,358
BA.1.4,3.855286048011716,0.2539273687081047,359
BA.1.19,3.847379975792297,0.256878875899717,360
BA.1.20,3.8463562224873407,0.2557295143459763,361
BA.1.17.2,3.839623044407502,0.2572147129761915,362
BA.1.17,3.835293262882115,0.25721501096403887,363
BA.1.17.1,3.8333157799085056,0.25583245521308023,364
XAW,3.656657489030954,0.3300325976382187,365
XD,3.040264178769575,0.27992926227446774,366
AY.43.3,2.0966099785594388,0.16767310161041662,367
AY.25.1.1,2.0856052343951594,0.1462555641802731,368
C.37.1,2.0518377737240936,0.20363681645062987,369
AY.33.2,2.0359941641870907,0.12593038747933763,370
AY.130,2.005091167112487,0.1741507069359127,371
AY.36.1,1.9887766518108956,0.13858790770061824,372
AY.122.6,1.915236769994077,0.12568277547541398,373
B.1.1,1.8811578398097553,0.8753459015370443,374
AY.29.2,1.873608314352526,0.1913573539050927,375
AY.127.3,1.843984414546489,0.13978065863958908,376
AY.127.1,1.8396643965416692,0.14358236738367638,377
AY.127.2,1.8396404724962427,0.14533426356168067,378
AY.4.2,1.8371132199301632,0.1292248040817043,379
AY.36,1.83476080619528,0.2007789382114396,380
AY.4.2.1,1.833877434746946,0.12720075463793587,381
AY.4.2.4,1.8325203688271787,0.1265585133200577,382
AY.4.2.2,1.8324468695760072,0.12690978423645302,383
AY.4.2.5,1.83225727460318,0.1260303318142569,384
AY.4.2.3,1.83225727460318,0.1260303318142569,385
AY.127,1.8298969943404622,0.1449554892916223,386
AY.39.1.4,1.8193827619183685,0.16477910523428965,387
AY.29,1.8134895194277219,0.18200019585385263,388
AY.43.4,1.7965667365265223,0.13696076668367146,389
A.27,1.78275124783316,0.16050243086435642,390
AY.132,1.782728841053348,0.14680571082244856,391
AY.29.1,1.7816647224008102,0.1732903145217109,392
XC,1.7794113741108062,0.17755267141133066,393
AY.43.5,1.774170727230492,0.12544057358602675,394
AY.43.9,1.7737821541360606,0.12189279772714576,395
AY.43.8,1.773775610446256,0.12179183969256442,396
AY.43.6,1.7734852730603925,0.12211807329232864,397
AY.43.2,1.77348444437297,0.12234008242270267,398
AY.43.1,1.7734765879277914,0.12269454125335447,399
AY.43.7,1.7727930370261695,0.12197762826741429,400
AY.43,1.7721102929422503,0.1224821763599815,401
AY.46.3,1.7268241156674686,0.1428326726330152,402
AY.3.3,1.7034807343764131,0.1372309096292906,403
B.1.604,1.6936421998926283,0.1616887923919071,404
AY.103,1.6915577737947525,0.13014519000121993,405
B.1.629,1.6904330616837315,0.15755041552699775,406
AY.122.5,1.6896128991318664,0.12402328171348388,407
AY.112.3,1.688879781913482,0.12457100974666392,408
AY.119.1,1.6886762704751883,0.1243090238446601,409
C.38,1.6885085363406025,0.21696157786412995,410
AY.91,1.6869696615536407,0.12092129923089669,411
AY.91.1,1.6869397852627204,0.12422520760807061,412
AY.121.1,1.6868833280118585,0.12108851798750224,413
AY.98.1.1,1.6862677216948163,0.12196435985676086,414
AY.5.7,1.686221785809076,0.12488411168986488,415
AY.112.2,1.6858027713191417,0.12132458734159639,416
AY.98.1,1.685585183110829,0.12093967344560826,417
AY.34.1,1.6854007517445018,0.11885128768928797,418
AY.34.2,1.685344473660553,0.11920392446627635,419
AY.34.1.1,1.6851367355707558,0.11836285761543401,420
AY.34,1.68483935555362,0.11829548173455302,421
AY.121,1.6840624694645387,0.11935020607728049,422
AY.129,1.6839102643936097,0.11935425381263687,423
AY.4.13,1.6838311922275793,0.12230056459818553,424
AY.98,1.683640318902955,0.11991500828293833,425
AY.109,1.6834980889552482,0.11946478714158086,426
AY.46.5,1.6834300205047936,0.11972119848575559,427
AY.23.1,1.6834194194070815,0.1197964661455222,428
AY.131,1.6830081856662278,0.11840535068430423,429
AY.134,1.6828213290907326,0.12000945093596205,430
AY.100,1.6824507120903096,0.11846901623950197,431
AY.84,1.6823532128982244,0.11846871367745308,432
AY.4.12,1.6823334637581122,0.11957547760613746,433
AY.104,1.6823200184386462,0.11884442341043581,434
AY.32,1.6823200184386462,0.11884442341043581,435
AY.95,1.682252950844183,0.12002698835408704,436
AY.4.5,1.6822252446113606,0.12125592510670316,437
AY.99.2,1.6822217476575039,0.11906936360059493,438
AY.23,1.6821907934815654,0.11867650654929497,439
AY.103.2,1.6821303448190656,0.11873733033583184,440
AY.4.11,1.6820873099811526,0.11901124269807527,441
AY.86,1.68200569989629,0.12121693961872292,442
AY.112,1.681974080618709,0.11827578714445294,443
AY.112.1,1.6819735963086089,0.11938794910584193,444
AY.4.3,1.6819658884071718,0.1202943549929904,445
AY.114,1.6819400521163637,0.11855650821610093,446
AY.128,1.6819073098635948,0.1212667615760407,447
AY.39,1.6818988268907815,0.11840574908830566,448
AY.99.1,1.68189612424426,0.11904105492278085,449
AY.23.2,1.6818793126807523,0.11895177154225073,450
AY.39.1,1.6818714708422373,0.11828294112771995,451
AY.119,1.6818663281452475,0.11829953150870039,452
AY.99,1.6818636597447243,0.11856523238778531,453
AY.39.2,1.6818519831133507,0.11856721690869115,454
AY.106,1.6818334968527644,0.11847334048630799,455
AY.111,1.6817957573287223,0.11832320677434725,456
AY.94,1.6817472700058511,0.11900655803707162,457
AY.107,1.681699483413413,0.11832564782424579,458
AY.92,1.6816637813156192,0.1182403604242406,459
AY.7.1,1.6816263928812685,0.11982229546935352,460
AY.7,1.6816263928812685,0.11982229546935352,461
AY.4,1.6816240352510874,0.11901628877176461,462
AY.124,1.681610554961949,0.11884320582832245,463
AY.123.1,1.681521634619548,0.12055982661300009,464
AY.123,1.681487695465413,0.11919137964034765,465
AY.90,1.681477597129962,0.11866367167463765,466
AY.83,1.6814671588015573,0.11857920440519563,467
AY.77,1.681455360123548,0.11846373035188831,468
AY.5,1.681452518981941,0.11860385379431519,469
AY.5.1,1.6814403508350533,0.11917627359294666,470
AY.103.1,1.681425315626141,0.1202939354286627,471
AY.39.1.1,1.6814063650108044,0.11834656516996174,472
AY.120,1.6813993143164312,0.11830820227709615,473
AY.88,1.6813893995586584,0.11846537478183171,474
AY.4.1,1.6813890337290456,0.12083246915720611,475
AY.102.1,1.6813890117726984,0.1197374962823343,476
AY.25.3,1.681380068472471,0.11947918030531728,477
AY.41,1.681378759387997,0.11937016657302274,478
AY.117,1.6813675651659918,0.11794645011043117,479
AY.4.8,1.681363799762037,0.11908320455195197,480
AY.46.6.1,1.6813578024023514,0.119189675489256,481
AY.102.2,1.6813557212473922,0.11801504363251637,482
AY.119.2,1.6813504585857422,0.11885150318021556,483
AY.76,1.6813501090238312,0.11874444737940985,484
AY.80,1.681349043219529,0.11791717259087255,485
AY.82,1.6813423489544568,0.11821490455030058,486
AY.46.1,1.681340133603329,0.11795965782716204,487
AY.46.6,1.6813400332964348,0.11797061855302719,488
AY.102,1.6813398892323053,0.11790595052520127,489
AY.79,1.6813398892323053,0.11790595052520127,490
AY.46.2,1.6813398892323053,0.11790595052520127,491
AY.101,1.6813349171147731,0.11851145590008119,492
AY.5.2,1.681324315598341,0.11792613659206451,493
AY.4.9,1.6813180073730796,0.11825751487932536,494
AY.46,1.6812984714178882,0.11806541651534315,495
AY.87,1.681283076457227,0.11869869777133249,496
AY.39.3,1.6812800560180987,0.11824814325974967,497
AY.5.4,1.681278589850992,0.11890611552765476,498
AY.113,1.6812719974931616,0.11813703796081344,499
AY.4.7,1.6812588755892892,0.11976160297088338,500
AY.5.3,1.68125730797301,0.11839663949714616,501
AY.5.6,1.6812571465236985,0.1202587360708494,502
AY.46.4,1.6812526679735489,0.11828289033366679,503
AY.45,1.681249079125965,0.11894792800271076,504
AY.116,1.6812341676450446,0.1181802518166163,505
AY.108,1.6812331109116925,0.1187435631738877,506
AY.126,1.6812194387752664,0.11939469064818214,507
AY.3.4,1.6812120955019525,0.12006239473184012,508
AY.116.1,1.6811710661801134,0.11972257627011218,509
AY.120.2,1.6811691902648214,0.11907322417448969,510
AY.120.2.1,1.6811691902648214,0.11907322417448969,511
AY.21,1.6811508993679634,0.11939554673595079,512
AY.120.1,1.681143920557551,0.11795676643908928,513
AY.3,1.6811414094275192,0.11836758749125803,514
AY.118,1.6811384742715267,0.11806402295997802,515
AY.7.2,1.6811189926061416,0.1205559880026766,516
AY.42,1.6810574645243441,0.11826291948713823,517
AY.3.2,1.6809252273068065,0.11885345065857005,518
AY.105,1.6809023270770966,0.11857706807581543,519
AY.122.4,1.6808417118979384,0.11842198703252282,520
AY.6,1.6808325008690774,0.11832642850067399,521
AY.4.17,1.6808116480699882,0.1188369950457915,522
AY.5.5,1.6807615640028584,0.11942717177128517,523
AY.4.10,1.6807386913091142,0.11958789754412524,524
AY.122,1.6806931433489813,0.1187272631975854,525
AY.78,1.6805994224632237,0.11918242153351463,526
AY.39.1.3,1.6805947838976456,0.11968203246346809,527
AY.81,1.680568883434897,0.11936543249515352,528
AY.110,1.6805030042092155,0.11798918251286501,529
AY.122.3,1.6804942129156906,0.11852425055679847,530
AY.125,1.6804689226893008,0.11868417643652175,531
AY.33,1.6804258692429925,0.11892348337245524,532
AY.4.4,1.680403468523426,0.11944780640718676,533
AY.122.1,1.6803848822433305,0.11844019516617829,534
AY.42.1,1.6802268964538245,0.12070287904795764,535
AY.125.1,1.6802184525512356,0.11909798084781771,536
AY.22,1.6800771452665688,0.11940441435675539,537
AY.124.1.1,1.680056889336912,0.12215428766842701,538
AY.122.2,1.680049235643739,0.11882078546726484,539
AY.3.1,1.6799584393318048,0.11826948210666903,540
AY.20.1,1.6799390563189591,0.11873532927988557,541
AY.124.1,1.6798926277543496,0.12176181152125601,542
AY.25.2,1.67985427091263,0.11929855985693807,543
AY.39.1.2,1.6798027577724977,0.11984795489149658,544
AY.20,1.6796695446583492,0.1185369343748703,545
AY.25.1.2,1.6796661761897025,0.11915996086739324,546
AY.25.1,1.6795599741784786,0.11865321995698086,547
AY.25,1.6792970940455922,0.11850303697909846,548
AY.4.16,1.6792638170304512,0.12194278211235239,549
AY.33.1,1.6789231453268765,0.12421600655341179,550
AY.85,1.6785359658137684,0.12034698994383851,551
AY.93,1.6783564552068142,0.12024520799867482,552
AY.4.15,1.6781549517437069,0.12128609456228599,553
AY.4.14,1.6780939489897295,0.12145156618676156,554
AY.4.6,1.6773038666225515,0.12292942080881157,555
AY.44,1.6741277752045007,0.1403362725944803,556
C.37,1.6107513120054129,0.18028634421234865,557
B.1.634,1.604029962861395,0.17397016933921697,558
B.1.617.2,1.599054420089184,0.17442626849221265,559
B.1.1.433,1.5754072085926565,0.1753182973035545,560
P.1.4,1.5512923166093024,0.16388153628386323,561
P.1.5,1.551225169559475,0.16413761813062577,562
P.1.12.1,1.5511651205334571,0.16595625738841804,563
AY.63,1.5379208899435326,0.12912761306769752,564
B.1.631,1.5347024705996322,0.11856297648795253,565
AY.26.1,1.5345701296404244,0.12544668594308692,566
AY.133,1.5333754774853587,0.1253874774366473,567
AY.9.2.1,1.5332180845307082,0.121483467965531,568
AY.9.2,1.5332155352143306,0.12162642773507812,569
AY.68,1.5319286433813468,0.12293473866573103,570
AY.69,1.5310545890948657,0.12116596121967659,571
AY.47,1.530984406354909,0.12044047809197216,572
AY.74,1.5308633617350014,0.1212938722339826,573
AY.75.3,1.530784687594274,0.12155312001316511,574
AY.71,1.530742942537818,0.1219773128190901,575
AY.24,1.5306441553232777,0.12045085363184681,576
AY.24.1,1.5306198273655605,0.12374682247468298,577
AY.65,1.5305293631088768,0.1210932391852574,578
AY.57,1.5305051861418162,0.12074844982347126,579
AY.72,1.530501752210739,0.12130830799796807,580
AY.62,1.530418362653065,0.12042357461096224,581
AY.26,1.5303755165051212,0.12054137305243202,582
AY.75.2,1.530347351316395,0.12034710345981502,583
AY.58,1.530347351316395,0.12034710345981502,584
AY.38,1.530347351316395,0.12034710345981502,585
AY.9,1.530347351316395,0.12034710345981502,586
AY.59,1.530347351316395,0.12034710345981502,587
AY.55,1.530347351316395,0.12034710345981502,588
AY.10,1.5303336458177657,0.12073582348258333,589
AY.61,1.5303315747452764,0.12069394737686678,590
AY.56,1.5303052733040508,0.12034817508888643,591
AY.11,1.5302636732612138,0.12106133512976773,592
AY.60,1.5302612780793656,0.12302585916132869,593
AY.64,1.5302136215572475,0.12205840453678814,594
AY.75,1.530187054356082,0.1205708980930982,595
AY.67,1.530106231110544,0.12109322302857772,596
AY.9.2.2,1.5300922854022023,0.1239498048300654,597
AY.27,1.5299859950455736,0.12067309815655063,598
AY.73,1.529869795772755,0.12175026689767131,599
AY.37,1.529779572108901,0.12039883933368786,600
AY.66,1.5296068845473372,0.12158245937851246,601
AY.28,1.5293231042826978,0.12286843730346957,602
AY.70,1.5258424497697365,0.12502691328720422,603
B.1.637.1,1.501433014085599,0.1953695973608433,604
A.2.5.3,1.4898481166595052,0.13847099767990131,605
A.2.5,1.4893883494431177,0.13828856030906936,606
A.2.5.1,1.489386815189086,0.13832320580540516,607
A.2.5.2,1.4893695461111942,0.13872751527935398,608
C.39,1.4810569087290812,0.12822289062512598,609
B.1.638,1.479892379838473,0.22781189447487366,610
C.36.3.1,1.4784327310857333,0.20447019687740928,611
C.36.3,1.477754497046173,0.20292023742133428,612
B.1.1.374,1.4759214768169866,0.11799600853591874,613
B.1.625,1.4728663088293348,0.18451485629350128,614
AY.52,1.468052155069926,0.1230539894288503,615
AY.19,1.4679482471943464,0.12259982329977588,616
AY.50,1.4672039051826846,0.12247452739813215,617
AY.53,1.4672029341981316,0.1211044506155736,618
AY.13,1.4670729417365966,0.12093592949412793,619
AY.16,1.4670729417365966,0.12093592949412793,620
AY.18,1.4670729417365966,0.12093592949412793,621
AY.54,1.46707179981434,0.12095283574107223,622
AY.8,1.4670626129799067,0.12108895616786519,623
AY.17,1.466958856704791,0.1218884759419504,624
AY.15,1.4669542245809468,0.12160171631037797,625
AY.51,1.4669291733195395,0.12131843263579575,626
AY.16.1,1.466900433671199,0.12156052752659914,627
AY.49,1.4663773937488325,0.12353718365381944,628
AY.14,1.466117133425833,0.121881952436224,629
AY.31,1.4655488720141276,0.1265514484371126,630
AY.30,1.4653687826773971,0.12417600889512319,631
AY.40,1.4650499575421996,0.12753393729056203,632
B.1.633,1.450435784654582,0.16609789241761064,633
C.1.2,1.419173081483116,0.1998666405468655,634
AV.1,1.4092543785803906,0.14408105395129395,635
A.30,1.4078834974911034,0.11302362512847093,636
AZ.4,1.406831356714338,0.137689768586093,637
B.1.621.2,1.3908058595272947,0.14791246963834898,638
BB.1,1.3908058595272947,0.14791246963834898,639
B.1.621,1.3898554683411397,0.1462121750858879,640
B.1.621.1,1.3883098579444098,0.1477442299362832,641
BB.2,1.3874725745781231,0.14861200680123526,642
B.1.619.1,1.3841273829984395,0.20468708515488748,643
B.1.619,1.3840193356982784,0.20503377946078175,644
AY.1,1.3716343017438064,0.12471089540130312,645
P.1.2,1.3476234220449923,0.14197112171657092,646
B.1.243.2,1.3398933430642166,0.20246875141498405,647
B.1.617.1,1.30211101062328,0.12421230096853746,648
AY.35,1.300708384999251,0.12263479276670324,649
B.1.635,1.2991958968112998,0.15744868990962146,650
P.4,1.2983184947472863,0.12914312856772334,651
AY.48,1.296551268737388,0.12038837969761211,652
B.1.617,1.2941714903335937,0.1207271934543221,653
B.1.617.3,1.2883466031786917,0.13115362663483954,654
C.40,1.287601383107706,0.1233127538678534,655
B.1.630,1.2867881144255893,0.19269301849098,656
AW.1,1.285516279125221,0.15024290965954118,657
B.1.1.487,1.2849695827516054,0.1176284183697471,658
L.3,1.2847210156940287,0.1192002044545156,659
C.16,1.284573345435904,0.11734105174193034,660
AM.3,1.273289728304536,0.12073757212444262,661
AM.2,1.2727932836319666,0.12022893371608936,662
AM.4,1.271860154069936,0.12033974881820471,663
AM.1,1.2709174460568122,0.11917970010754952,664
AD.2.1,1.270879493255057,0.1195481998163227,665
B.1.1.315,1.2708462826531632,0.11772055275182161,666
B.1.1.216,1.2708122861490112,0.11643156895198248,667
B.1.1.428,1.2708122861490112,0.11643156895198248,668
M.1,1.2708034715383465,0.12010999751429445,669
AD.2,1.2707729090416675,0.11917147771950705,670
B.1.1.357,1.2707199313316155,0.11712683544384012,671
AD.1,1.2706749128148205,0.11984740127191706,672
B.11,1.2692254644925791,0.1298265174563269,673
B.1.539,1.2686987647009749,0.11673522605657588,674
AB.1,1.2666287919280534,0.12239165381891962,675
B.1.529,1.2652694611349171,0.1552392207278459,676
B.1.474,1.2597938497910517,0.16239843432401846,677
P.1.7.1,1.2493499565251536,0.1172798438298339,678
P.1.7,1.2493352947243972,0.11705613595704466,679
P.1.6,1.2493352947243972,0.11705613595704466,680
P.1.11,1.249122076975615,0.11728503029622242,681
P.1.8,1.2489286714377523,0.1213176936139114,682
XB,1.247586850488137,0.13397489315596509,683
P.1.3,1.2464235079299295,0.11622941782763911,684
P.1.13,1.2464206076294468,0.11530211145205307,685
P.1.16,1.246369687927067,0.11521845396674997,686
P.1.1,1.2463643598111147,0.11482814723360975,687
P.1.15,1.2463643598111147,0.11482814723360975,688
P.1.17,1.2463643598111147,0.11482814723360975,689
P.1.12,1.2463643598111147,0.11482814723360975,690
P.1.10,1.2462867448497257,0.11525380523092191,691
P.1.10.2,1.2462735572934829,0.11628132549606088,692
P.1.9,1.2461018840796183,0.11591754451603471,693
P.1.17.1,1.2459891778244023,0.11594803807109207,694
P.1.10.1,1.245950976399942,0.11648069666534416,695
P.1.14,1.2452815019210142,0.11585854994269935,696
B.1.36.27,1.2427874938846857,0.13105194747552068,697
B.1.1.45,1.2317561448420782,0.16208456844883867,698
B.1.632,1.2282858125091114,0.1583428327146091,699
AY.2,1.2223480895709389,0.12736606314525012,700
B.1.415.1,1.2131931609313389,0.13856510520664253,701
B.1.243.1,1.2109126264256445,0.1586646652367737,702
B.1.627,1.1913214815220696,0.14770774085726165,703
B.1.637,1.1903226976959758,0.13855571149347834,704
B.1.1.519,1.1760445329796394,0.11409809308497501,705
P.6,1.171268778644844,0.11764243955479665,706
B.1.603,1.1683279582719388,0.11913704890565383,707
AT.1,1.165855034330783,0.12850479142243745,708
B.1.549,1.1636724439291557,0.11952796734545215,709
P.1,1.12953185347374,0.16616033809928885,710
B.1.177.62,1.1226716990982792,0.14379178305153675,711
B.1.427,1.0970426369659012,0.11667636430252236,712
B.1.429,1.0951131876720404,0.11660207611177838,713
B.1.1.63,1.0947926442601683,0.14990942920359032,714
B.1.429.1,1.0944693390677214,0.12063863272549165,715
B.6.1,1.093569257989252,0.1299929366993403,716
B.6.5,1.093569257989252,0.1299929366993403,717
B.6.3,1.093550234510688,0.13014851957733564,718
B.6.6,1.0935477727933658,0.1310557196025568,719
B.6.4,1.0935477727933658,0.1310557196025568,720
B.6.2,1.0935089411038073,0.13027223491401313,721
B.6.8,1.0934919260849678,0.1304892089442137,722
A.2.2,1.0912746951363623,0.13221298121846065,723
A.23.1,1.07652522184089,0.1328416293844892,724
A.23,1.0738271941287176,0.13159884060087115,725
XA,1.0711078010190764,0.13314014695551626,726
B.1.640.1,1.0705664581541563,0.1550780424537061,727
B.1.640,1.0699939627505852,0.1522093603117533,728
B.1.575.2,1.0675126077939707,0.14228909402592624,729
B.1.575.1,1.066890510266732,0.14064280191821385,730
B.1.575,1.066822328568246,0.13923633065104396,731
B.1.177.82,1.0666718623966176,0.14458462470127317,732
AL.1,1.0637391465482935,0.12351135086725172,733
P.5,1.060485152501485,0.16097565685240123,734
N.10,1.0598583378375273,0.17208898630591596,735
B.1.587,1.057880864011698,0.12594027678206468,736
B.1.588.1,1.0575289292934995,0.12396629030504785,737
B.1.588,1.0575128339443596,0.12384699409027493,738
P.7,1.0548351945551284,0.15881537073296537,739
A.29,1.0542065706750596,0.10886256996922435,740
B.1.177.26,1.0466651511441305,0.14767273419206114,741
B.1,1.0391033012639619,0.1797542900730973,742
B.1.409,1.0372890107996238,0.13655835504619598,743
B.1.258.23,1.0366137726297664,0.12292249029011745,744
B.1.1.219,1.0360377321690069,0.15873146215981804,745
B.1.177.28,1.0314550000643137,0.1292766669604852,746
A.28,1.0285179294409192,0.11675360836471009,747
B.1.36.23,1.0282768480051427,0.16866279532830686,748
AA.7,1.0230238126405666,0.12511395807158301,749
W.4,1.022666952763794,0.12379279125574841,750
W.1,1.022118718656944,0.12147547492029163,751
W.2,1.022118718656944,0.12147547492029163,752
B.1.177.53,1.022118718656944,0.12147547492029163,753
W.3,1.022100164431245,0.12224437066944867,754
B.1.177.61,1.0219931841771857,0.12577560890315295,755
B.1.177.88,1.021944963124802,0.12442015439418637,756
B.1.177.87,1.0217431120631253,0.12273459965349355,757
B.1.177.49,1.0217376495652308,0.12202882754981795,758
B.1.177.15,1.021580449923378,0.12150214166388157,759
AA.1,1.021580449923378,0.12150214166388157,760
AA.6,1.021562097065467,0.1223216258988189,761
AA.3,1.021559056148888,0.121752803687127,762
AA.2,1.021559056148888,0.121752803687127,763
AA.4,1.021559056148888,0.121752803687127,764
B.1.177.89,1.0215559850705604,0.12295830432435483,765
AA.5,1.021550816614401,0.12192153279120424,766
AA.8,1.0215346724803973,0.12185051865534818,767
Z.1,1.021422191382496,0.12220216950209888,768
B.1.177.9,1.0214085323239026,0.12127169091133969,769
B.1.177.47,1.0213143911681706,0.1240877700848865,770
B.1.177.80,1.021313146916281,0.12170697214804725,771
B.1.177.38,1.021303404944827,0.12204764668818655,772
B.1.177.5,1.021284940083587,0.12166982187649873,773
B.1.177.63,1.0212829037485889,0.12199870027969933,774
B.1.177.65,1.0212768014717983,0.121082539071284,775
B.1.177.48,1.0212768014717983,0.121082539071284,776
B.1.177.7,1.0212768014717983,0.121082539071284,777
B.1.177.86,1.0212768014717983,0.121082539071284,778
B.1.177.59,1.0212768014717983,0.121082539071284,779
B.1.177.8,1.0212768014717983,0.121082539071284,780
B.1.177.24,1.021236865761616,0.12130748310272016,781
U.2,1.0212340071242825,0.1234051653312729,782
B.1.177.58,1.0212302135572509,0.12160798999936782,783
B.1.177.68,1.0211574836608823,0.12145106679361933,784
U.1,1.0211553498850228,0.12131569853234607,785
B.1.177.60,1.0211493950291868,0.12118048760694333,786
B.1.177.27,1.0211473522501913,0.1221330205472412,787
B.1.177.83,1.0211029341338405,0.12203845336853028,788
B.1.177.64,1.0210833468667853,0.12157988594205449,789
B.1.177.67,1.0210743419927604,0.12224853873826422,790
B.1.177.3,1.0210181905572409,0.122206705210698,791
B.1.177.66,1.0210137953333225,0.1244334466870116,792
B.1.177.45,1.0209766319887552,0.12223965678933676,793
B.1.177.72,1.0209573049204137,0.12221113514215474,794
B.1.177.78,1.0209511038454289,0.12485627873109602,795
B.1.177.6,1.020940723065223,0.12269277512638996,796
B.1.177.25,1.0209389228741448,0.12271703260521266,797
B.1.177.76,1.020917936828948,0.12339930523405997,798
B.1.177.73,1.0209115378120086,0.12158009285930522,799
B.1.177.10,1.0209087666376366,0.12308543164868034,800
B.1.177.41,1.020864535313939,0.12251866595947117,801
B.1.177.74,1.0208605262680603,0.12210940335579644,802
B.1.177.43,1.0208325726710512,0.1208665163095184,803
V.1,1.0208283802098823,0.1218575585482364,804
B.1.177.54,1.0208283802098823,0.1218575585482364,805
B.1.177.17,1.0208252896845782,0.12105518865194778,806
B.1.177.16,1.0208138356338066,0.12182041290947647,807
V.2,1.0208136150982845,0.12189026329373816,808
B.1.177.55,1.0208130806106244,0.12093085233895363,809
B.1.177.21,1.02080860297798,0.12077048747791293,810
B.1.177.4,1.02080860297798,0.12077048747791293,811
B.1.177.75,1.02080860297798,0.12077048747791293,812
B.1.177,1.02080860297798,0.12077048747791293,813
B.1.177.32,1.0208012335330248,0.12165781598102375,814
B.1.177.2,1.0207981907347057,0.12152782075847254,815
B.1.177.85,1.0207974976061722,0.12131677658507009,816
B.1.177.77,1.020795725645055,0.12112154917651591,817
B.1.177.81,1.0207879999960887,0.12159936256695471,818
B.1.177.71,1.0207564471535862,0.12144362084302195,819
B.1.177.19,1.0207385228934949,0.12092850680084033,820
B.1.177.70,1.0207371591812633,0.12222643162010005,821
B.1.177.50,1.0207262286990462,0.12137170026486858,822
U.3,1.020641994754099,0.12208326672600475,823
B.1.177.39,1.0206299428334933,0.12389138730615118,824
B.1.177.36,1.0205999561240469,0.12205451727238456,825
B.1.177.33,1.0205443326853385,0.12269299778957343,826
B.1.177.18,1.0205366622906544,0.12186696449664562,827
B.1.177.51,1.0205111146025914,0.1213775604985776,828
B.1.177.20,1.020493916542671,0.12248988277393705,829
B.1.177.34,1.0204884258827829,0.12364721533428198,830
B.1.177.40,1.0204833976765737,0.12101334895587028,831
B.1.177.35,1.0204833976765737,0.12101334895587028,832
B.1.177.44,1.0204825387076382,0.12102807992171227,833
B.1.177.42,1.0204295229901892,0.1215783612632983,834
B.1.177.69,1.020375060701835,0.12109516850939471,835
B.1.177.12,1.020322510696947,0.12119718322697894,836
B.1.177.46,1.0202962840014431,0.12173758203915874,837
B.1.177.11,1.0202122164760723,0.12223312031597075,838
B.1.177.52,1.0201212737857035,0.12245136914983266,839
Y.1,1.0200025064010283,0.12301077777490081,840
B.1.177.23,1.0199142802007215,0.12313512535415856,841
B.1.177.37,1.0198933112843651,0.12170730468918106,842
B.1.177.30,1.0197160152806517,0.12425269647880498,843
B.1.177.84,1.0196602514779345,0.12395356770473183,844
B.1.177.14,1.0193215617806806,0.12220771530427639,845
B.1.1.98,1.0176632328115458,0.1258566292323236,846
B.1.177.29,1.0170962385488844,0.1249667781626904,847
B.1.1.525,1.013518435393058,0.1238623361860908,848
B.1.160.7,1.0095606188112127,0.12766963874680046,849
B.1.160.33,1.0095606188112127,0.12766963874680046,850
B.1.616,1.009110726659791,0.1367345830319701,851
B.1.1.341,1.008349735225152,0.12570958165538668,852
B.1.1.174,1.0080969809400615,0.12197498813743705,853
B.1.189,1.005984241781223,0.12058703785380051,854
B.4.1,1.0009123293080262,0.031064862556187737,855
B.4.7,1.000907661098999,0.03107275948890057,856
B.4.4,1.0005040029391687,0.02503123806302628,857
B.31,1.0004940462552432,0.03199144499592241,858
B.18,1.0004712703330016,0.011816750754586738,859
B.1.1.161,1.0003804651018513,0.02245419386686009,860
A.21,1.000374771112419,0.032657733199408345,861
A.3,1.0003573265587664,0.03564211599862813,862
A.17,1.000181854145021,0.024050037329301402,863
B.13,1.000168952196418,0.006526845129862609,864
A.12,1.0001111008090668,0.03166117839802797,865
B.60,1.0000619913504898,0.03382717141598171,866
B.53,1.0000611656309903,0.01963589424083494,867
B.43,1.0000600564511573,0.023948416458879813,868
B.40,1.0000565935073336,0.03051235014338655,869
B.56,1.0000562788359553,0.013418152956914333,870
B.52,1.0000503415127635,0.01922019542710304,871
B.3.1,1.0000262609898554,0.02874003236136957,872
B.38,1.000020454800863,0.023933215774290962,873
B.51,1.0000177641811323,0.017575165737392675,874
B.61,1.0000155981120815,0.02741486673864755,875
B.39,1.000008253518737,0.022521173121759996,876
B.58,1.000008253518737,0.022521173121759996,877
B.27,0.9999999999999968,5.7711949142924205e-08,878
B.57,0.9999999999999968,5.7711949142924205e-08,879
B.1.14,0.9999999999999968,5.7711949142924205e-08,880
B.55,0.9999999999999968,5.7711949142924205e-08,881
B.50,0.9999999999999968,5.7711949142924205e-08,882
B.20,0.9999999999999968,5.7711949142924205e-08,883
B.5,0.9999999999999968,5.7711949142924205e-08,884
B.15,0.9999999999999968,5.7711949142924205e-08,885
B.26,0.9999999999999968,5.7711949142924205e-08,886
B.4,0.9999906077714172,0.010664348467366398,887
B.4.6,0.9999906077714172,0.010664348467366398,888
B.44,0.999988070895855,0.02490822413590465,889
B.36,0.9999749442907004,0.022493314663012385,890
B.23,0.9999734005511892,0.011991880584658717,891
B.42,0.9999723417870088,0.021632660927729166,892
B.33,0.9999723417870088,0.021632660927729166,893
B.29,0.9999723417870088,0.021632660927729166,894
B.34,0.9999723417870088,0.021632660927729166,895
B.37,0.999958888917293,0.022720952382171783,896
B.3,0.9999585525052928,0.02250437504601269,897
B.32,0.9999316884634626,0.02221422495884997,898
B.10,0.9999266791431544,0.021629729144172313,899
B.46,0.9999188699569936,0.014407228368474589,900
A.7,0.9999167742134,0.025510360976519708,901
B.30,0.9998870251649902,0.02870838651218112,902
A.4,0.999863293227327,0.02703355580126382,903
B.47,0.9998360243959924,0.012966045541890238,904
B.28,0.99981323676821,0.030820229610040144,905
A.22,0.999812942187963,0.025974782731161057,906
A.11,0.9998022842918878,0.02532862551837181,907
A.9,0.9998022842918878,0.02532862551837181,908
B.6,0.999743216059487,0.007301990501982761,909
A.5,0.9996600556344551,0.009878644630705652,910
A,0.9996600556344551,0.009878644630705652,911
B.41,0.9995805194074012,0.025551072693520478,912
A.6,0.9995749359110454,0.017424945828083648,913
A.1,0.9995535827003732,0.016486529711874365,914
A.24,0.9995532423321624,0.031771547810323125,915
A.26,0.9995532423321624,0.031771547810323125,916
A.15,0.9995336651458308,0.032983134550922166,917
B.4.2,0.9995229567821232,0.023519482154116478,918
A.25,0.9994758355507803,0.033285755582363595,919
A.16,0.999411522432043,0.022892742156194124,920
B.4.5,0.9989115384788808,0.021454649601888986,921
A.2,0.998749650247326,0.018915868713959966,922
B,0.9986454375710084,0.014680454111822555,923
A.2.4,0.997411144193144,0.028033930749748748,924
A.2.3,0.9974001293047858,0.03211306731279958,925
B.19,0.9964492677106466,0.021829858262892916,926
B.1.36.31,0.9950928275217352,0.14007143817994333,927
B.1.1.286,0.9879758731217728,0.12293518681824869,928
B.1.313,0.9860604101802842,0.11992222605775811,929
B.1.578,0.98417190858265,0.12033865966418561,930
N.5,0.9831359887647108,0.11409890232307388,931
B.1.526,0.976862967524174,0.1038151406265522,932
B.45,0.9759824167788482,0.05532856379255496,933
B.12,0.9759824167788482,0.05532856379255496,934
B.1.1.483,0.97388616861139,0.10997262745614851,935
B.1.626,0.9730676117174782,0.19046973774097692,936
B.1.636,0.9730090606041272,0.10898622572461222,937
P.3,0.971882985809156,0.10439794458165867,938
Q.5,0.971401427928428,0.10783592604536277,939
Q.2,0.9706843211884384,0.10854126154006911,940
Q.3,0.9704812144204488,0.10753799257308203,941
Q.1,0.970373037195943,0.10472387152477418,942
Q.4,0.9703639466100924,0.1070427806055879,943
Q.8,0.970337355337101,0.10805763658344449,944
B.1.1.7,0.9703288911986347,0.10220758528999736,945
B.1.1.406,0.9701229769645404,0.10073772655278149,946
Q.7,0.9698859614065688,0.1112115867072032,947
B.1.536,0.9697228737299188,0.1026083321846651,948
Q.6,0.9683953871038136,0.10713397087272938,949
B.1.1.524,0.9676039858616808,0.10266634243923296,950
B.1.1.526,0.9671987341887224,0.09977189294567715,951
AQ.2,0.967004927036187,0.10028174917106328,952
B.1.1.289,0.9668595204408776,0.09712721273805287,953
AP.1,0.9667457634206346,0.10362384910896683,954
AZ.2.1,0.9667456448841923,0.10086915920580584,955
B.1.1.528,0.9666500886081733,0.10188810661357968,956
B.1.1.136,0.9665049797397056,0.09637046394738816,957
AZ.5,0.9662209035854372,0.09856835010344703,958
AZ.2,0.9661620315375552,0.09939606780354102,959
B.1.1.318,0.9661540711081424,0.09892760701160214,960
AZ.1,0.966098745097426,0.09979733068779117,961
AZ.3,0.96605764529718,0.09981941278588177,962
B.1.623,0.9660550627716356,0.10429343451353765,963
B.1.1.522,0.9660315883706287,0.10151320701956369,964
AZ.6,0.9658752973765748,0.10161499569781252,965
B.1.1.351,0.965829513444288,0.10093508415274842,966
B.1.1.336,0.9657991946692676,0.09530646255919344,967
B.1.1.338,0.9656983390534448,0.09706921656901533,968
B.1.1.486,0.9653806832253652,0.09790563691371412,969
B.1.1.207,0.9651853217480908,0.09582028599968602,970
B.1.1.158,0.9648250435184232,0.09442820527014492,971
AF.1,0.9645294463559576,0.09911698898070885,972
B.1.639,0.9644590026943348,0.09847295796238938,973
B.1.1.67,0.9642903042613836,0.09474359833730825,974
B.1.1.429,0.9640417446626852,0.09632559070171255,975
B.1.1.133,0.9638747170571296,0.09368338724818989,976
R.2,0.9638632651852096,0.0962337860462064,977
R.1,0.96385554380359,0.0984335138906245,978
B.1.1.236,0.9638166334327416,0.09773906487391301,979
B.1.1.176,0.9638151173941324,0.09675790156581242,980
S.1,0.9638095917195044,0.0973414273017168,981
D.5,0.9638087227992588,0.09563680368212114,982
B.1.1.405,0.9637819601397052,0.09673673158943313,983
B.1.1.523,0.96377954429922,0.10226512085040303,984
AC.1,0.9637740375291064,0.09863494483415056,985
B.1.1.186,0.9635878986336556,0.09395586175329923,986
B.1.1.305,0.9635557833452214,0.09221023211486272,987
B.1.1.86,0.9634175173217402,0.09423089300577389,988
B.1.1.272,0.9633683965012712,0.09471354137876938,989
B.1.1.389,0.9633622586310076,0.09408759430187981,990
B.1.1.427,0.9633568425511896,0.09867505934373007,991
B.1.531,0.9633465600839768,0.09642170491832959,992
B.1.620,0.9633196878610116,0.10384292342644055,993
B.1.1.408,0.9633010488342733,0.09326943568634757,994
B.1.1.467,0.9632971833586038,0.09641837635042909,995
B.1.1.451,0.9632756242056488,0.09483323517737054,996
B.1.1.288,0.9632441356185886,0.09572683248716131,997
B.1.1.100,0.963220522545722,0.09757628892350215,998
B.1.1.348,0.9632189901275032,0.09546893523192314,999
C.36,0.9631932332891524,0.09475571120527986,1000
B.1.221.2,0.96319257133601,0.09777704838773807,1001
B.1.1.87,0.9631870635108386,0.09628655869334501,1002
B.1.1.226,0.9631622440636736,0.09265190426613491,1003
C.31,0.963118008921019,0.09558307515626936,1004
B.1.1.271,0.963111601629258,0.09497309575024888,1005
B.1.1.368,0.9631114485475866,0.09286110536798256,1006
B.1.205,0.9630697783700348,0.0914755645317884,1007
B.1.1.425,0.9630568397130328,0.09780324590455017,1008
B.1.1.417,0.96305519710045,0.09379472174298417,1009
B.1.1.101,0.963050399958439,0.09376178450510636,1010
B.1.1.256,0.9630360144293072,0.09276868054855629,1011
B.1.1.217,0.9630353133198568,0.09292990238128147,1012
B.1.1.465,0.9630219536460968,0.09525650383212897,1013
B.1.1.46,0.962999323010266,0.09287484337431917,1014
B.1.1.324,0.9629920565542502,0.09266887466988057,1015
B.1.1.322,0.9629892781439328,0.09262723482701658,1016
D.2,0.9629878198936476,0.09234984563297947,1017
B.1.1.240,0.9629831272570676,0.09419074129074173,1018
B.1.1.352,0.9629810706203024,0.09763063880486636,1019
B.1.1.353,0.96295883849329,0.09429591401645646,1020
B.4.8,0.9629573996274884,0.09495548509383228,1021
B.1.1.298,0.9629534140648612,0.09449671471411047,1022
B.1.1.397,0.9629463416768452,0.09458457559106045,1023
B.1.1.194,0.9629401443739176,0.0926570349494157,1024
B.1.1.327,0.9629382592834854,0.09398679411408403,1025
B.1.1.388,0.962936962146974,0.09353256132891086,1026
B.1.1.249,0.9629197654382546,0.09251926291358463,1027
B.1.1.434,0.9629093485846824,0.0939368906213553,1028
M.2,0.9629079753241206,0.09526314115238016,1029
B.1.97,0.962894453653148,0.09206628518625556,1030
B.1.1.423,0.962881850259228,0.09281986711572385,1031
N.9,0.9628806606566694,0.098540204830379,1032
B.1.1.366,0.9628806493022134,0.09457821963111362,1033
C.30.1,0.962849940121116,0.09680824922469777,1034
C.30,0.962849940121116,0.09680824922469777,1035
B.1.1.343,0.9628474816980748,0.09584976946484931,1036
B.1.1.337,0.9628424591830655,0.09804356082409413,1037
B.1.128,0.9628353304778902,0.09147103835949559,1038
B.1.1.422,0.9628212406267443,0.09372815171404747,1039
B.1.140,0.9628171727439716,0.09081242080887306,1040
B.1.1.229,0.9628169267067512,0.09342329251138742,1041
B.1.96,0.9628121973890972,0.09267310186814412,1042
B.1.1.51,0.962810597712669,0.09284495717097244,1043
B.1.1.347,0.9628104631596124,0.0934666425395842,1044
B.1.221.3,0.9627965504868876,0.09743375413953108,1045
B.1.1.349,0.962794918504802,0.09564607348838457,1046
AE.4,0.962791029668917,0.0953507717135789,1047
B.1.1.141,0.9627833128787376,0.09444216566878251,1048
B.1.560,0.9627732725006776,0.09360421607125166,1049
AE.8,0.9627626711450218,0.09620010441001874,1050
B.1.1.243,0.9627571893123692,0.09571140478887799,1051
B.1.127,0.9627520311652108,0.09745256778477501,1052
B.1.1.255,0.9627518345718808,0.09406717072761389,1053
B.1.1.145,0.9627496989289804,0.09647820050791132,1054
B.1.1.396,0.962749297615872,0.09325957776397412,1055
B.1.1.280,0.962749297615872,0.09325957776397412,1056
B.1.1.452,0.962749297615872,0.09325957776397412,1057
B.1.221.4,0.962734679935013,0.0985934034758633,1058
B.1.221,0.9627314060196692,0.09578930683962497,1059
B.1.1.323,0.962729409431261,0.09541982506551593,1060
AJ.1,0.962729204611684,0.09518465059111138,1061
B.1.1.185,0.9627159888069896,0.09376421505323207,1062
B.1.1.394,0.9627130607094816,0.09390300052409795,1063
AH.2,0.9627129098256166,0.09327173965110043,1064
B.1.1.171,0.9627115299110356,0.0939985769445359,1065
AE.1,0.962711422555263,0.09390316691307714,1066
B.1.1.306,0.962711422555263,0.09390316691307714,1067
B.1.1.333,0.9627043332795596,0.09889334679060406,1068
B.1.221.1,0.9627033694336103,0.09705712396373033,1069
B.1.1.312,0.9627025646376228,0.09654025780914194,1070
B.1.1.339,0.9626960914609782,0.09290372177614795,1071
AE.2,0.9626945773858242,0.09456195559473654,1072
B.1.1.142,0.9626937443923808,0.09392850203838594,1073
B.1.1.257,0.9626937443923808,0.09392850203838594,1074
B.1.1.157,0.9626923812603858,0.09358633540600127,1075
B.1.1.506,0.9626875102497592,0.0944340085180727,1076
AE.5,0.9626858695019954,0.09453736946289851,1077
B.1.1.191,0.9626830212478664,0.0932442147327895,1078
K.2,0.9626813215511432,0.0925949811242469,1079
B.1.1.204,0.962681236217489,0.09452630148171424,1080
B.1.1.74,0.9626765798949402,0.09352835602714454,1081
B.1.1.421,0.9626761492114034,0.09295968533190706,1082
B.1.548,0.9626759258225712,0.09403530470906989,1083
B.1.1.17,0.9626748546310052,0.09454367120891112,1084
B.1.1.16,0.9626746954146304,0.09468555254550871,1085
B.1.1.275,0.962673252435778,0.09259287358014247,1086
B.1.1.190,0.9626581146173152,0.09345821535886657,1087
AH.1,0.962657854019032,0.09240860189323075,1088
B.1.1.225,0.962655204502416,0.09382980864928002,1089
B.1.1.269,0.9626540395592112,0.09506147586130731,1090
B.1.1.55,0.9626507601256066,0.09367494664638949,1091
B.1.1.178,0.9626475736625184,0.09376245210557736,1092
D.4,0.9626379075135224,0.09693898899732614,1093
AS.1,0.9626373661671,0.094067224921519,1094
B.1.1.413,0.962636204665787,0.09783513146848756,1095
B.1.1.70,0.962629781016092,0.09417203672294867,1096
B.1.1.359,0.9626269149377896,0.09270150357853925,1097
B.1.1.516,0.9626256748631092,0.09319746688868186,1098
B.1.1.304,0.9626233996723796,0.09282881718885756,1099
B.1.1.134,0.962616383369571,0.09231678637997535,1100
AE.6,0.9626159197497048,0.09446566773767259,1101
B.1.1.453,0.9626138552367788,0.09474766386878215,1102
B.1.1.399,0.9626117448125896,0.09283918743298288,1103
B.1.1.345,0.9626113100283622,0.09374724194415371,1104
B.1.1.480,0.96260862124295,0.09316011093856756,1105
B.59,0.962607300434162,0.09224386516349357,1106
B.1.1.291,0.9626052808031856,0.09224086842549203,1107
B.1.1.330,0.962603346234112,0.09545734149054554,1108
B.1.1.268,0.9626021052702058,0.09255137312061726,1109
B.1.1.382,0.962600629815676,0.09364541003406884,1110
B.1.1.381,0.9625994048367592,0.09235112867255572,1111
B.1.1.448,0.9625986125449468,0.09300663713136745,1112
B.1.1.34,0.9625911269054158,0.09288919402652336,1113
B.1.1.346,0.9625845566577478,0.09470516864244924,1114
B.1.1.294,0.9625826754598182,0.09330967539842738,1115
B.1.1.54,0.9625826678752092,0.09384582608837036,1116
B.1.1.43,0.962580156340116,0.09316683606289801,1117
B.1.1.48,0.9625797793370476,0.09214625650007213,1118
D.3,0.96257955610405,0.09252168204303368,1119
B.1.1.267,0.9625778081516156,0.09290466239055277,1120
B.1.1.154,0.9625759842115272,0.09263771143535046,1121
B.1.1.426,0.9625757544369756,0.09349214600358725,1122
B.1.1.111,0.9625717449338524,0.09291293389203739,1123
B.1.1.4,0.9625709886136412,0.09258846221071383,1124
B.1.1.401,0.9625680458336244,0.09326348735331365,1125
B.1.1.361,0.9625679957375636,0.09275575167687598,1126
B.1.1.395,0.9625665798232036,0.0927711528294576,1127
B.1.1.218,0.96256642468058,0.09263229131545657,1128
B.1.1.187,0.962561537508984,0.09357943303127554,1129
AN.1,0.9625609433821356,0.09370634185953418,1130
B.1.1.138,0.9625608759060224,0.09238933460383308,1131
B.1.1.402,0.9625608147833128,0.09294384187622799,1132
B.1.1.177,0.9625608147833128,0.09294384187622799,1133
B.1.1.484,0.9625595254144736,0.09465094825464612,1134
B.1.1.456,0.9625591558537624,0.09279998799698111,1135
B.1.1.88,0.962558763287804,0.09416167487520243,1136
B.1.1.147,0.962557464314192,0.09389917587756404,1137
B.1.1.458,0.9625551285135292,0.09312160344930412,1138
B.1.1.113,0.9625546215854256,0.09238000606850576,1139
B.1.1.162,0.9625525936106298,0.09348059265746692,1140
B.1.1.364,0.9625517937396784,0.09248788047693703,1141
B.1.1.274,0.9625516517185788,0.09250622367024876,1142
B.1.1.262,0.9625510852857908,0.09368933414789742,1143
B.1.1.234,0.9625495078159602,0.09764950763573009,1144
N.1,0.9625494211558748,0.09349825126646052,1145
B.1.1.196,0.9625491258269756,0.09380838658692761,1146
M.3,0.9625471667292416,0.09579733894322487,1147
B.1.1.152,0.9625449408983084,0.09231419007888617,1148
B.1.1.309,0.9625433213049476,0.0924458864894643,1149
C.1.1,0.9625422690537798,0.09318986570910577,1150
B.1.1.466,0.9625408729075584,0.09411429580241346,1151
B.1.1.412,0.9625401187338356,0.09236941430337502,1152
B.1.1.296,0.962535799342937,0.09448543845257816,1153
B.1.1.222,0.9625351060604892,0.09228089835662641,1154
B.1.1.407,0.9625337747011508,0.09242647552057248,1155
B.1.1.459,0.9625322913707596,0.09267062908659417,1156
B.1.1.75,0.9625322913707596,0.09267062908659417,1157
B.1.1.89,0.9625297877419108,0.09240669851240246,1158
B.1.1.328,0.9625288926475888,0.09349455322904189,1159
B.1.1.386,0.9625288608797268,0.09307278289916902,1160
B.1.1.430,0.9625282489844668,0.09227827497558456,1161
B.1.1.83,0.9625280526772652,0.09206597308433681,1162
B.1.1.139,0.9625280526772652,0.09206597308433681,1163
B.1.1.181,0.9625280526772652,0.09206597308433681,1164
B.1.1.367,0.9625280526772652,0.09206597308433681,1165
B.1.1.5,0.9625280526772652,0.09206597308433681,1166
B.1.1.440,0.9625280526772652,0.09206597308433681,1167
B.1.1.464,0.9625280526772652,0.09206597308433681,1168
B.1.1.437,0.9625280526772652,0.09206597308433681,1169
B.1.1.331,0.9625280526772652,0.09206597308433681,1170
B.1.1.241,0.9625280526772652,0.09206597308433681,1171
B.1.1.91,0.9625280526772652,0.09206597308433681,1172
B.1.1.112,0.9625280526772652,0.09206597308433681,1173
B.1.1.110,0.9625280526772652,0.09206597308433681,1174
B.1.1.398,0.9625280526772652,0.09206597308433681,1175
B.1.1.221,0.9625280526772652,0.09206597308433681,1176
B.1.1.485,0.9625280526772652,0.09206597308433681,1177
B.1.1.244,0.9625280526772652,0.09206597308433681,1178
B.1.1.220,0.9625280526772652,0.09206597308433681,1179
B.1.1.320,0.9625280526772652,0.09206597308433681,1180
B.1.1.239,0.9625280526772652,0.09206597308433681,1181
B.1.1.463,0.9625280526772652,0.09206597308433681,1182
B.1.1.166,0.9625280526772652,0.09206597308433681,1183
B.1.173,0.9625280526772652,0.09206597308433681,1184
B.1.1.164,0.9625280526772652,0.09206597308433681,1185
B.1.1.155,0.9625280526772652,0.09206597308433681,1186
B.1.1.125,0.9625280526772652,0.09206597308433681,1187
B.1.1.59,0.9625280526772652,0.09206597308433681,1188
B.1.1.121,0.9625280526772652,0.09206597308433681,1189
B.1.1.500,0.9625280526772652,0.09206597308433681,1190
L.2,0.9625280526772652,0.09206597308433681,1191
B.1.1.285,0.9625280526772652,0.09206597308433681,1192
B.1.1.438,0.9625280526772652,0.09206597308433681,1193
B.1.1.172,0.9625280526772652,0.09206597308433681,1194
B.1.1.180,0.9625280526772652,0.09206597308433681,1195
B.1.1.432,0.9625280526772652,0.09206597308433681,1196
B.1.1.109,0.9625280526772652,0.09206597308433681,1197
B.1.1.356,0.9625280526772652,0.09206597308433681,1198
B.1.1.447,0.9625280526772652,0.09206597308433681,1199
B.1.1.169,0.9625280526772652,0.09206597308433681,1200
B.1.1.71,0.9625280526772652,0.09206597308433681,1201
B.1.1.189,0.9625280526772652,0.09206597308433681,1202
B.1.1.290,0.9625280526772652,0.09206597308433681,1203
B.1.1.115,0.9625280526772652,0.09206597308433681,1204
B.1.1.391,0.9625280526772652,0.09206597308433681,1205
B.1.1.378,0.9625280526772652,0.09206597308433681,1206
B.1.1.13,0.9625280526772652,0.09206597308433681,1207
B.1.1.12,0.9625280526772652,0.09206597308433681,1208
B.1.1.37,0.9625280526772652,0.09206597308433681,1209
B.1.1.92,0.9625280526772652,0.09206597308433681,1210
B.1.1.82,0.9625280526772652,0.09206597308433681,1211
B.1.1.325,0.9625280526772652,0.09206597308433681,1212
B.1.1.25,0.9625280526772652,0.09206597308433681,1213
B.1.1.95,0.9625280526772652,0.09206597308433681,1214
B.1.1.127,0.9625280526772652,0.09206597308433681,1215
B.1.1.210,0.9625280526772652,0.09206597308433681,1216
B.1.1.192,0.9625280526772652,0.09206597308433681,1217
B.1.1.61,0.9625280526772652,0.09206597308433681,1218
B.1.1.213,0.9625280526772652,0.09206597308433681,1219
B.1.1.10,0.9625280526772652,0.09206597308433681,1220
B.1.1.163,0.9625280526772652,0.09206597308433681,1221
B.1.1.201,0.9625280526772652,0.09206597308433681,1222
B.1.1.208,0.9625280526772652,0.09206597308433681,1223
B.1.1.26,0.9625276801426984,0.0925887404302327,1224
B.1.1.205,0.9625271937083284,0.09208479429480561,1225
B.1.1.77,0.9625264069174428,0.09217572943820701,1226
B.1.1.209,0.9625263850250366,0.09242157378295898,1227
B.1.1.214,0.9625243037685196,0.09523831863648996,1228
B.1.1.376,0.9625230773223749,0.09391028733958277,1229
B.1.1.482,0.9625217056296748,0.0921067887877651,1230
B.1.1.371,0.962521050809166,0.09576746291814613,1231
B.1.1.50,0.962520776159012,0.09297868952176035,1232
B.1.1.72,0.9625199122128184,0.09294247889158055,1233
B.1.1.62,0.9625197058838671,0.09273288809991143,1234
B.1.1.170,0.9625193091034484,0.09211481164260867,1235
B.1.1.116,0.9625191053636,0.09241491801620697,1236
B.1.1.442,0.962517650508766,0.09281385852866571,1237
B.1.1.253,0.9625161016424156,0.09268727792331377,1238
B.1.1.301,0.9625154870425502,0.09217716169388358,1239
B.1.1.300,0.9625154870425502,0.09217716169388358,1240
B.1.1.514,0.9625154870425502,0.09217716169388358,1241
B.1.1.513,0.9625154870425502,0.09217716169388358,1242
B.1.1.27,0.9625154870425502,0.09217716169388358,1243
B.1.1.317,0.9625154516351192,0.09318114904859748,1244
B.1.1.387,0.9625144838411251,0.0930932033778378,1245
B.1.1.137,0.9625139495967936,0.09332168890662285,1246
B.1.1.117,0.9625134956668204,0.09211973992786301,1247
B.1.1.107,0.962512280861129,0.09459691126360965,1248
B.1.1.369,0.9625113920225188,0.0926730654355477,1249
B.1.1.114,0.9625103345379776,0.09218317026772752,1250
B.1.1.436,0.9625099461277302,0.09431987447956307,1251
B.1.1.122,0.9625096679331664,0.09321552799508316,1252
B.1.532,0.9625093536136144,0.09363068307613752,1253
B.1.1.200,0.9625074631707456,0.09298213095001712,1254
B.1.1.446,0.962506911937216,0.09396640918784184,1255
B.1.1.404,0.9625062139729728,0.0930908982279278,1256
B.1.1.118,0.9625062022573648,0.09242898547169834,1257
B.1.1.515,0.9625058419146976,0.0945474021493004,1258
B.1.1.231,0.9625045004604048,0.09274939818532102,1259
B.1.1.363,0.962504210955198,0.09565121513654065,1260
B.1.1.270,0.9625008784297132,0.09274344398973962,1261
B.1.1.135,0.9625008532225025,0.09225237454867802,1262
B.1.1.160,0.9625008532225025,0.09225237454867802,1263
B.1.1.392,0.9624985899277332,0.09343914050372669,1264
B.1.1.251,0.9624982771417214,0.09232355984907716,1265
B.1.1.372,0.9624959632155394,0.09217289245950756,1266
B.1.1.175,0.9624951998562392,0.09299881667724946,1267
B.1.1.129,0.962494213570175,0.09251071350265788,1268
B.1.1.383,0.9624939854597772,0.09257884884306204,1269
B.1.1.521,0.9624925559445636,0.09220067330202772,1270
B.1.1.350,0.9624920483880904,0.09295643933233409,1271
B.1.1.203,0.96249177784099,0.09287733855536497,1272
B.1.1.53,0.9624909537073482,0.09399562925763243,1273
B.1.1.197,0.962490595737918,0.0933293844199326,1274
B.1.1.41,0.9624905436638124,0.09222970988659399,1275
B.1.1.400,0.9624890855744546,0.0928841656985357,1276
B.1.1.58,0.9624860095245787,0.09263391194792937,1277
B.1.1.47,0.9624859892878826,0.09213253830818237,1278
B.1.1.84,0.962485523703112,0.09380997140464291,1279
B.1.1.97,0.9624835957187696,0.09419030109479075,1280
B.1.1.40,0.9624816141137548,0.09293461494202311,1281
B.1.1.481,0.962478817876706,0.09251441818186529,1282
B.1.1.30,0.9624777946097688,0.09363544641969417,1283
AQ.1,0.9624746391406456,0.09336687554465418,1284
B.1.1.39,0.9624746391406456,0.09336687554465418,1285
B.1.1.266,0.9624720822424394,0.09412140068036978,1286
B.1.1.193,0.9624683067075226,0.09856036944633266,1287
B.1.1.132,0.9624671765830406,0.09285850268818996,1288
B.1.1.307,0.9624663922490518,0.09376574884088591,1289
B.1.1.441,0.9624661306615758,0.09359407490610334,1290
B.1.1.242,0.9624623930493416,0.0941565782583209,1291
B.1.1.342,0.962460541940664,0.09254474526758227,1292
B.1.1.362,0.9624603250301248,0.09241253987946627,1293
B.1.1.168,0.9624591444717076,0.09298147840678968,1294
B.1.1.462,0.962457972592762,0.09234609880908787,1295
B.1.1.403,0.9624568346078108,0.0932525729868068,1296
AG.1,0.9624542155754736,0.09402371396060827,1297
B.1.258.10,0.9624509981253412,0.09672648846545903,1298
B.1.1.297,0.9624509793135144,0.09266845688004292,1299
B.1.1.153,0.9624505920641636,0.09291165523514937,1300
B.1.1.254,0.9624504377158656,0.09268904517595239,1301
B.1.1.507,0.9624504377158656,0.09268904517595239,1302
B.1.1.144,0.9624496769898516,0.09689020898719665,1303
B.1.1.237,0.962449132896723,0.0932712778601785,1304
B.1.1.431,0.9624475032807168,0.09841393463026192,1305
N.4,0.9624461430608894,0.09356168804965607,1306
B.1.1.311,0.9624433912219992,0.09385445522711112,1307
B.1.1.375,0.9624431138040654,0.0961689411736869,1308
B.1.1.450,0.9624423087548598,0.09399864434727943,1309
B.1.1.198,0.9624401541647912,0.09273703053152581,1310
B.1.1.385,0.962438657812762,0.09311880549253405,1311
B.1.1.444,0.9624361637625258,0.09274273601499203,1312
B.1.1.308,0.962435861212628,0.09407521193690105,1313
B.1.1.424,0.9624336092041446,0.09222020880583985,1314
B.1.1.33,0.9624336003645304,0.0928948990881284,1315
K.1,0.9624312206046346,0.09413564189339009,1316
C.36.1,0.9624301640971769,0.09672901437722486,1317
B.1.1.130,0.962426886413434,0.09418665650606392,1318
B.1.1.517,0.9624256053541804,0.094591975907421,1319
B.1.1.329,0.962423500291088,0.09309707655243708,1320
B.1.1.120,0.962422852528926,0.0966233951885275,1321
B.1.1.360,0.9624214107918296,0.09376721896062358,1322
B.1.1.365,0.9624193283474798,0.09422115820529478,1323
B.1.258.9,0.962419076473829,0.0989946853022211,1324
B.1.1.148,0.9624134795194694,0.0934839320773318,1325
N.8,0.9624124739781824,0.09342582681128261,1326
N.6,0.9624124739781824,0.09342582681128261,1327
B.1.1.3,0.9624110443413844,0.09474068617608324,1328
L.1,0.9624086421205414,0.09551160613339159,1329
C.19,0.9624057745890836,0.09405801925032524,1330
B.1.1.310,0.9624056656076068,0.09329539552132303,1331
B.1.1.380,0.9624001365825527,0.09305823737794071,1332
B.1.1.416,0.962395865875476,0.09225016450698857,1333
N.3,0.9623931090359004,0.09354076219967226,1334
B.1.1.38,0.9623886890347476,0.09471304400440322,1335
B.1.1.415,0.962385980940094,0.09475618950859219,1336
B.1.1.435,0.9623850672993433,0.09512272654396507,1337
B.1.1.202,0.9623846765327684,0.0926448846939059,1338
B.1.1.227,0.9623806989383408,0.09366016018325221,1339
B.1.1.299,0.9623802500298008,0.09324072864140442,1340
C.2.1,0.9623698886900912,0.0978600424042225,1341
B.1.1.277,0.9623694442656848,0.09550087049557332,1342
N.7,0.9623584019164672,0.09383970080909859,1343
N.2,0.9623503239778376,0.09412907065154062,1344
B.1.1.15,0.9623438801584852,0.09686331712758195,1345
B.1.1.316,0.962336791535008,0.09342178232462761,1346
B.1.1.279,0.962333332286464,0.0954592111287111,1347
B.1.1.414,0.9623248727477768,0.09525208516234522,1348
B.1.1.282,0.9623030635117648,0.09209491144430994,1349
B.1.1.119,0.9623030635117648,0.09209491144430994,1350
B.1.1.355,0.9623030635117648,0.09209491144430994,1351
B.1.1.228,0.9623030031118422,0.09503137480573523,1352
B.1.1.93,0.9622908464779844,0.0953207390443901,1353
C.5,0.962288149793858,0.09620377318485475,1354
B.1.1.393,0.9622800203358918,0.10073429598625978,1355
B.1.1.449,0.9622719952008646,0.094761057689065,1356
B.1.1.29,0.9622714155304876,0.09360761924958533,1357
C.23,0.96224713018063,0.09337159560179742,1358
L.4,0.9622378353454498,0.09372128888262198,1359
C.27,0.9622207806156516,0.09404656713323986,1360
B.1.1.344,0.9622143868348056,0.09323911459520552,1361
C.35,0.962212156973232,0.09352536001155469,1362
C.22,0.9622097918066222,0.09386229097044405,1363
B.1.1.302,0.9621859940970768,0.09413402776707566,1364
B.1.1.518,0.96218046109036,0.09695881629034604,1365
AE.3,0.9621753982394622,0.09442185533600973,1366
B.1.1.273,0.9621748381959636,0.09269979590207576,1367
C.3,0.9621619991827112,0.09338946765532985,1368
C.21,0.962140663263818,0.09449431778474535,1369
B.1.1.284,0.962136906019076,0.09505125059018102,1370
C.18,0.9621277855653642,0.09271993494306653,1371
C.20,0.9621277855653642,0.09271993494306653,1372
C.34,0.9621218079031642,0.09263699722362455,1373
C.14,0.9621218079031642,0.09263699722362455,1374
B.1.1.1,0.9621218079031642,0.09263699722362455,1375
C.9,0.9621218079031642,0.09263699722362455,1376
C.25,0.9621218079031642,0.09263699722362455,1377
C.6,0.9621218079031642,0.09263699722362455,1378
C.32,0.9621218079031642,0.09263699722362455,1379
C.12,0.9621218079031642,0.09263699722362455,1380
C.26,0.9621218079031642,0.09263699722362455,1381
C.7,0.9621218079031642,0.09263699722362455,1382
C.1,0.9621218079031642,0.09263699722362455,1383
C.33,0.9621218079031642,0.09263699722362455,1384
C.11,0.9621218079031642,0.09263699722362455,1385
C.8,0.9621218079031642,0.09263699722362455,1386
C.28,0.9621199203923504,0.09269066237444577,1387
C.13,0.9621017961351754,0.09310055557712876,1388
B.1.1.8,0.9620998871200618,0.09277322170045872,1389
B.1.1.326,0.9620998871200618,0.09277322170045872,1390
B.1.190,0.962086228886773,0.09237835980710696,1391
B.1.1.128,0.9620833777430796,0.09379608385961472,1392
C.10,0.962075657195022,0.09325762959497769,1393
B.1.1.28,0.962066343155793,0.09241458128930544,1394
C.29,0.9620573920102689,0.09282217520687308,1395
B.1.1.232,0.9620530603502588,0.09409128731704847,1396
B.1.1.44,0.962051188695789,0.0958589952804998,1397
AK.2,0.9620465605267068,0.09884542063224762,1398
C.36.2,0.9620342457355012,0.09709314289494914,1399
B.1.1.57,0.9620075614649524,0.09276114258249553,1400
AS.2,0.9620050265836356,0.09558254282674845,1401
C.17,0.961955653986412,0.09409332476517843,1402
A.19,0.9619498718672996,0.09196726850054221,1403
B.1.1.373,0.961923928160448,0.09511238691439027,1404
C.2,0.9618583839799444,0.09438459860531005,1405
A.18,0.9618493013498348,0.09251943800415474,1406
B.1.1.182,0.9618272390571752,0.09802515660811809,1407
B.1.1.303,0.9618158800261828,0.09616260071713899,1408
B.1.469,0.9617746836323506,0.09882211243501726,1409
AK.1,0.961756133292626,0.09576875674392443,1410
B.1.258.12,0.9616641906542698,0.09686160177385603,1411
B.1.1.56,0.961647375555966,0.09376372613689915,1412
B.1.146,0.9616471743087424,0.09394201934398026,1413
B.1.1.224,0.9616455680791914,0.09510235035236614,1414
K.3,0.9615586039930132,0.09576807850945863,1415
B.1.1.258,0.9615250996109552,0.09455971103177932,1416
B.1.1.512,0.9615108808958136,0.09410669180109525,1417
B.1.1.123,0.9614901909785724,0.09448704804987645,1418
B.1.1.90,0.9614044385813726,0.09300127273628003,1419
B.1.1.358,0.9613374788997554,0.09609009386500941,1420
B.1.214,0.9613096034706432,0.09295436036585485,1421
B.1.218,0.9612863159283376,0.09464435308843927,1422
B.1.382,0.96123442789061,0.09194477641064563,1423
B.1.258.18,0.9612210245267108,0.09829834637479096,1424
B.1.1.332,0.961210991771665,0.09478813705815213,1425
B.1.258.7,0.9612084805129242,0.09702318261057004,1426
B.1.258.22,0.9611868527084908,0.10055208146831293,1427
B.1.1.49,0.9611818267520084,0.09430504115082275,1428
C.4,0.9610930342477062,0.09343771140840973,1429
B.1.258.20,0.9610799995479704,0.09678732445991116,1430
B.1.258.19,0.961071843213208,0.09764225588019976,1431
B.1.258.15,0.9610645181001064,0.09427709946398306,1432
B.1.258,0.9610406544292766,0.09588373897646772,1433
B.1.258.6,0.9610406544292766,0.09588373897646772,1434
B.1.258.11,0.9610053451867756,0.09642049738748971,1435
B.1.258.3,0.9609509519967788,0.09651830896951757,1436
B.1.222,0.9608990809101894,0.09230559792631234,1437
B.1.1.384,0.9608270370964638,0.09738564338921105,1438
B.1.377,0.960822859761578,0.09126983581915074,1439
B.1.1.354,0.9607792925272004,0.09647694924936419,1440
B.1.533,0.9607718009401424,0.09365640012299833,1441
B.1.1.283,0.9607718009401424,0.09365640012299833,1442
B.1.1.165,0.9607718009401424,0.09365640012299833,1443
B.1.1.99,0.9607551058015794,0.09318991250411125,1444
B.1.160.9,0.9607456369561244,0.10034814231947056,1445
B.1.563,0.9607314426462018,0.09828780950855462,1446
B.1.565,0.9607110029364556,0.09377439536130178,1447
B.1.378,0.9606612599739836,0.09082026316372037,1448
B.1.258.4,0.9606210104220768,0.1023140550066809,1449
AE.7,0.960600639922504,0.10112450070444612,1450
B.1.254,0.960596204955715,0.09199645148556904,1451
B.1.545,0.9605883618111464,0.09074681771585388,1452
B.1.6,0.9605784518337857,0.09068370869564256,1453
B.1.258.5,0.9605718878816948,0.10022463981177747,1454
B.1.249,0.9605585484098385,0.09211462593514849,1455
B.1.552,0.9605464510821288,0.09332162822963964,1456
B.1.84,0.9605436388969688,0.09192870023555542,1457
B.1.219,0.96052984441098,0.09563409076392801,1458
B.1.160.12,0.9605193688063208,0.0985913168376689,1459
G.1,0.9605103103056868,0.09673749118334143,1460
B.1.258.2,0.96050275098506,0.09605523508352301,1461
B.1.1.14,0.9604776275214424,0.09511720929575794,1462
B.1.126,0.9604720363094214,0.09218453954241607,1463
B.1.557,0.960466193126219,0.0912674232417091,1464
B.1.182,0.9604643467935208,0.09077492093916972,1465
B.1.211,0.9604564514917088,0.09212770549885443,1466
B.1.248,0.9604500285320334,0.0923032312372715,1467
B.1.113,0.9604493504608436,0.0920784209406076,1468
B.1.528,0.960442784886747,0.0918929812754351,1469
B.1.258.16,0.9604421028292844,0.09491921601865708,1470
B.1.177.31,0.9604180279024476,0.09248431807442077,1471
B.1.251,0.9604137187888506,0.09160333707034646,1472
B.1.250,0.9604087957743964,0.09190773570271632,1473
B.1.153,0.9604079234134166,0.09146021342501492,1474
B.1.1.159,0.9604062551841128,0.0953469938207083,1475
B.1.151,0.9604007619493792,0.09100411077762657,1476
B.1.256,0.9603983070773148,0.09308123186497115,1477
B.1.206,0.9603937845170364,0.09107370903971998,1478
B.1.252,0.9603849968370758,0.09242185967480619,1479
B.1.83,0.9603793188649716,0.09123015772653059,1480
B.1.416.1,0.9603715133470456,0.09052848831628262,1481
B.1.201,0.9603705542497588,0.09143966372056983,1482
B.1.187,0.9603661505302756,0.0905899018248592,1483
B.1.142,0.9603658167196986,0.09126806914704406,1484
B.1.1.461,0.9603645087238178,0.09744897529307346,1485
B.1.208,0.960362953320855,0.09117097342995899,1486
B.1.387,0.9603626531558798,0.09093055213512626,1487
B.1.227,0.9603603363103542,0.09369420446145126,1488
B.1.215,0.9603583840922012,0.09180511849561461,1489
B.1.35,0.9603470022623392,0.09145621672607876,1490
B.1.395,0.9603470022623392,0.09145621672607876,1491
B.1.181,0.9603458977755208,0.09040392459126051,1492
B.1.137,0.9603445808484042,0.09152430113580155,1493
B.1.198,0.9603444022696273,0.09057437513795964,1494
B.1.540,0.9603429741424664,0.09034230065515979,1495
B.1.418,0.960342631194287,0.09091735113782655,1496
B.1.194,0.9603420162592003,0.0908563822537039,1497
B.1.8,0.9603415043367456,0.0902887993643237,1498
B.1.384,0.9603415043367456,0.0902887993643237,1499
B.1.143,0.9603415043367456,0.0902887993643237,1500
B.1.180,0.9603415043367456,0.0902887993643237,1501
B.1.192,0.9603415043367456,0.0902887993643237,1502
B.1.69,0.9603415043367456,0.0902887993643237,1503
B.1.542,0.9603415043367456,0.0902887993643237,1504
B.1.220,0.9603415043367456,0.0902887993643237,1505
B.1.78,0.9603415043367456,0.0902887993643237,1506
B.1.179,0.9603415043367456,0.0902887993643237,1507
B.1.420,0.9603415043367456,0.0902887993643237,1508
B.1.415,0.9603415043367456,0.0902887993643237,1509
B.1.535,0.9603415043367456,0.0902887993643237,1510
B.1.23,0.9603415043367456,0.0902887993643237,1511
B.1.210,0.9603415043367456,0.0902887993643237,1512
B.1.178,0.9603415043367456,0.0902887993643237,1513
B.1.212,0.9603415043367456,0.0902887993643237,1514
B.1.609,0.9603415043367456,0.0902887993643237,1515
B.1.81,0.9603415043367456,0.0902887993643237,1516
B.1.67,0.9603415043367456,0.0902887993643237,1517
B.1.195,0.9603415043367456,0.0902887993643237,1518
B.1.76,0.9603415043367456,0.0902887993643237,1519
B.1.223,0.9603342278184972,0.09121682649070799,1520
B.1.225,0.9603319447595566,0.09271048519399416,1521
B.1.546,0.9603317581850072,0.09239229457445025,1522
B.1.145,0.9603303721875456,0.09171338489390617,1523
B.1.555,0.960329822425671,0.09093355273676637,1524
B.1.106,0.9603280514670336,0.09052948589812138,1525
B.1.547,0.9603278507171388,0.09047064078591621,1526
B.1.91,0.9603195646844616,0.09156663039233787,1527
B.1.70,0.96030817809619,0.09106499642875718,1528
B.1.543,0.9603055171924806,0.09354003419815553,1529
B.1.157,0.9602996620157406,0.09191900146365788,1530
B.1.383,0.9602985211567086,0.09058129148244033,1531
B.1.1.418,0.960281021019228,0.09607247026160516,1532
B.1.393,0.96027973418234,0.09156154533042396,1533
B.1.160.30,0.9602717761683254,0.0970805848850972,1534
B.1.105,0.9602661164539326,0.0916446927077129,1535
B.1.213,0.960256629945728,0.09263865101959529,1536
B.1.134,0.9602519552957276,0.09096559166744822,1537
B.1.147,0.9602489382465514,0.0912916827060317,1538
B.1.103,0.9602313206155224,0.09298918454957844,1539
B.1.203,0.9602176217379468,0.09551360636854336,1540
B.1.379,0.9601927232156507,0.09215157962642738,1541
B.1.93,0.9601837752360408,0.09440313454190181,1542
B.1.77,0.960181274406163,0.09303990734492688,1543
B.1.104,0.9601564983882168,0.09132649106570394,1544
B.1.380,0.9601342622020071,0.09178879774584278,1545
B.1.499.1,0.9600943343973876,0.10451157661494775,1546
B.1.388,0.9600831290478876,0.09145138927505538,1547
B.1.600,0.9600625079312028,0.09202840691959864,1548
B.1.586,0.9599958094202156,0.0908834427063177,1549
B.1.391,0.9599906730222724,0.09187053133300789,1550
B.1.199,0.9599039421815276,0.09117399515391489,1551
B.1.258.17,0.9598198627343753,0.0993508049744843,1552
B.1.1.379,0.9598178551922888,0.09744043690396029,1553
B.1.618,0.9596872154812504,0.10382755994627574,1554
B.1.160.26,0.9596332091593696,0.09949996336052708,1555
B.1.442,0.959598576265545,0.09286986912212808,1556
B.1.139,0.9595907839106836,0.09349303559515393,1557
B.1.517.1,0.9595541755479392,0.09836991088313209,1558
B.1.468,0.9595489075717766,0.09398316814342564,1559
B.1.224,0.9595047696801576,0.09136725917795084,1560
B.1.559,0.9594800774150354,0.09122777756380158,1561
B.1.337,0.9594512555106302,0.09402979135301255,1562
B.1.438,0.9594105900199448,0.09849182354200862,1563
B.1.458,0.9593924455013756,0.09466355096007668,1564
B.1.279,0.959375091073426,0.09448626779688173,1565
B.1.615,0.9593617023395136,0.09681083077833826,1566
B.1.160.13,0.9593443065146308,0.09666614392603376,1567
B.1.160.10,0.9593293148292564,0.09740345738698825,1568
B.1.160.29,0.9593156675191856,0.09837425678123181,1569
B.1.416,0.9592781389747718,0.09171938103481665,1570
B.1.302,0.9592663064108592,0.09276990008554441,1571
B.1.160.24,0.9592587587549192,0.09636057983129082,1572
B.1.160.21,0.9592406004048812,0.09858110916250049,1573
B.1.160.27,0.9592340468603516,0.09641747572423681,1574
B.1.160.8,0.9592090996142664,0.09710523456564804,1575
B.1.160.19,0.9592078739062042,0.09732907477465913,1576
B.1.160.25,0.9591974714054852,0.09797028519180398,1577
B.1.438.4,0.959186103077313,0.09560687893298009,1578
B.1.160,0.959180669021708,0.09436312189988241,1579
B.1.160.18,0.9591773279932002,0.09965858267733116,1580
B.1.160.11,0.9591705678102708,0.09690549796782345,1581
B.1.160.15,0.9591640090293032,0.0962773599579807,1582
B.1.22.1,0.9591282418713688,0.09542286865000481,1583
B.1.160.31,0.9591240008310776,0.09647598241505777,1584
B.1.423,0.9591150155891016,0.09808839094993341,1585
B.1.1.149,0.9591083397548916,0.0966141929775871,1586
B.1.349,0.9591026115236662,0.09292641190460714,1587
B.1.1.445,0.959098698847961,0.09781309985863994,1588
B.1.459,0.9590975723506344,0.09170386888959589,1589
B.1.160.28,0.9590942988377386,0.09762183422184183,1590
B.1.160.17,0.9590420848856652,0.10081182826198111,1591
P.2,0.9589952411367384,0.09714023761768939,1592
B.1.585,0.9589663460019744,0.09203097258858131,1593
B.1.361,0.9589499816361642,0.10040590129240741,1594
B.1.160.32,0.9589483067578498,0.096879819652605,1595
B.1.593,0.958936554293297,0.09582477686739023,1596
B.1.305,0.958849280537228,0.0958455685179113,1597
B.1.438.2,0.9588397567389438,0.09435653668483593,1598
B.1.438.3,0.9588203065924352,0.09538869310097263,1599
B.1.478,0.9588021967656286,0.09495700922942885,1600
B.1.438.1,0.9587990152446344,0.0935904175039517,1601
B.1.311,0.9587904451452424,0.09450114590654889,1602
B.1.517,0.9587884037502789,0.09477621148531848,1603
B.1.369.1,0.9587834001491998,0.1000814941859975,1604
B.1.580,0.9587368270620088,0.09500251112147834,1605
B.1.470,0.9587234876318644,0.09326631047927487,1606
B.1.372,0.9587200629215844,0.09325247781608573,1607
B.1.607,0.9587141816415212,0.09291882831291387,1608
B.1.490,0.9587027590961186,0.09356719429318251,1609
B.1.163,0.9586882257203292,0.09283272644786171,1610
B.1.489,0.9586870449974768,0.09305315956141816,1611
B.1.44,0.9586869821867472,0.09310240810285308,1612
B.1.120,0.9586826763625472,0.09344989263737187,1613
B.1.170,0.9586795538532886,0.09257867019343424,1614
B.1.9.1,0.9586793245503846,0.09420229470735707,1615
B.1.436,0.9586689475108868,0.09309050478987713,1616
B.1.9.2,0.9586670483363472,0.09306258324305161,1617
B.1.9.5,0.9586670483363472,0.09306258324305161,1618
B.1.9,0.9586670483363472,0.09306258324305161,1619
B.1.460,0.9586591096161776,0.09286773384099896,1620
B.1.523,0.9586575716261408,0.09196450342798464,1621
B.1.9.4,0.9586543858341702,0.09331752636345005,1622
B.1.614,0.9586405068161776,0.09677903726670634,1623
B.1.9.3,0.9586368033220536,0.09310388889605203,1624
B.1.273,0.9586363776533552,0.09220711484599475,1625
B.1.314,0.9586281039177376,0.09352779736583268,1626
B.1.491,0.9586255368439266,0.0940080672647293,1627
B.1.165,0.9586113504549262,0.0928098240826771,1628
B.1.306,0.9586039812691756,0.09319498573787346,1629
B.1.325,0.9585964708303985,0.09436295687393864,1630
B.1.13,0.9585957239155752,0.09232853983120073,1631
B.1.270,0.9585891104478076,0.09263409729149946,1632
B.1.164,0.958585252599626,0.09187128171209924,1633
B.1.471,0.958585252599626,0.09187128171209924,1634
B.1.439,0.958585252599626,0.09187128171209924,1635
B.1.22,0.958585252599626,0.09187128171209924,1636
B.1.245,0.958585252599626,0.09187128171209924,1637
B.1.473,0.958585252599626,0.09187128171209924,1638
B.1.161,0.958585252599626,0.09187128171209924,1639
B.1.111,0.958585252599626,0.09187128171209924,1640
B.1.158,0.958585252599626,0.09187128171209924,1641
B.1.462,0.958585252599626,0.09187128171209924,1642
B.1.483,0.958585252599626,0.09187128171209924,1643
B.1.276,0.958585252599626,0.09187128171209924,1644
B.1.110,0.958585252599626,0.09187128171209924,1645
B.1.277,0.958585252599626,0.09187128171209924,1646
B.1.124,0.958579727207256,0.09191452764974697,1647
B.1.482,0.958571326853682,0.09393604307612788,1648
B.1.443,0.958563484104636,0.09382865802588722,1649
B.1.112,0.958559098309636,0.09266984232534994,1650
B.1.264.1,0.9585427724482614,0.09537841429654687,1651
B.1.479,0.9585346163054004,0.09321607158420396,1652
B.1.573,0.9585260380136796,0.09360687648762611,1653
B.1.115,0.9585238915107602,0.09322442979280958,1654
B.1.475,0.9585210429447724,0.0942502688908666,1655
B.1.264,0.9585209337352448,0.09283497812421392,1656
B.1.274,0.9585172608816322,0.09389692499547862,1657
B.1.343,0.9585158555406024,0.09334777265268276,1658
B.1.432,0.9585105526323254,0.09210034771768853,1659
B.1.606,0.958505474787709,0.09340114601334198,1660
B.1.541,0.9584933609671246,0.09275068372770487,1661
B.1.515,0.9584918843692086,0.09359880795340107,1662
B.1.544,0.9584918743122236,0.09560704805588306,1663
B.1.328,0.9584911284055384,0.09217262413541592,1664
B.1.570,0.9584885423741318,0.09415440335270898,1665
B.1.340,0.9584833068188936,0.09591283333059243,1666
B.1.110.1,0.9584796461422624,0.09277078533962185,1667
B.1.341,0.9584723137242658,0.09286396963240806,1668
B.1.350.1,0.9584709711000144,0.09211161687487722,1669
B.1.344,0.9584689540368893,0.09302636519015267,1670
B.1.452,0.9584647992964892,0.09432977207703587,1671
B.1.110.2,0.9584631526355416,0.09390204184766059,1672
B.1.356,0.9584621005479248,0.09245338185121516,1673
B.1.159,0.9584533344602048,0.09245919018495764,1674
B.1.476,0.9584533344602048,0.09245919018495764,1675
B.1.437,0.958447618731192,0.09264618629461999,1676
B.1.486,0.9584449943460108,0.09248153752884562,1677
B.1.268,0.9584410003956748,0.09231633308888099,1678
B.1.310,0.9584401342167992,0.09211592932506381,1679
B.1.37,0.9584393309749528,0.09213667345862794,1680
B.1.338,0.958437757738325,0.0927794458553823,1681
B.1.330,0.9584342910684688,0.09530609712927103,1682
B.1.294,0.9584334069848802,0.093916211747444,1683
B.1.267,0.9584321531485588,0.09340302998819118,1684
B.1.167,0.9584287318362552,0.09257569647345525,1685
B.1.282,0.9584254719827912,0.0939114323574386,1686
B.1.597,0.9584250586086396,0.09287998093994526,1687
B.1.422,0.9584245319530146,0.0940688825743183,1688
B.1.492,0.9584240903193034,0.09224387356919087,1689
B.1.357,0.9584205281384108,0.09902539430811591,1690
B.1.166,0.9584196858786964,0.0932031074001703,1691
B.1.487,0.95841885557672,0.09273377225586575,1692
B.1.485,0.9584188093790292,0.09207948239771625,1693
B.1.320,0.9584188093790292,0.09207948239771625,1694
B.1.324,0.9584188093790292,0.09207948239771625,1695
B.1.316,0.9584188093790292,0.09207948239771625,1696
B.1.39,0.9584188093790292,0.09207948239771625,1697
B.1.335,0.9584188093790292,0.09207948239771625,1698
B.1.350,0.9584188093790292,0.09207948239771625,1699
B.1.572,0.9584188093790292,0.09207948239771625,1700
B.1.366,0.9584188093790292,0.09207948239771625,1701
B.1.453,0.9584188093790292,0.09207948239771625,1702
B.1.564,0.9584188093790292,0.09207948239771625,1703
B.1.329,0.9584188093790292,0.09207948239771625,1704
B.1.354,0.9584188093790292,0.09207948239771625,1705
B.1.108,0.9584188093790292,0.09207948239771625,1706
B.1.323,0.9584188093790292,0.09207948239771625,1707
B.1.413,0.9584188093790292,0.09207948239771625,1708
B.1.511,0.9584188093790292,0.09207948239771625,1709
B.1.117,0.9584188093790292,0.09207948239771625,1710
B.1.463,0.9584156452472832,0.09569433982571982,1711
B.1.287,0.9584152362022386,0.09218900270186026,1712
B.1.315,0.9584113381133348,0.09262664828138849,1713
B.1.467,0.958406005515408,0.09597744786282461,1714
B.1.118,0.958400928952766,0.09226271529496222,1715
B.1.281,0.958393529528071,0.093595929639953,1716
B.1.289,0.9583902270821554,0.09261799368030531,1717
B.1.518,0.9583862284558028,0.09244164605225383,1718
B.1.355,0.958385625544424,0.09571555264830886,1719
B.1.348,0.9583846473766302,0.09424205598907744,1720
B.1.291,0.9583816612111554,0.09237279926728834,1721
B.1.360,0.9583801536977556,0.09234788381819278,1722
B.1.520,0.958375579215722,0.09236894456764934,1723
B.1.319,0.9583696259483786,0.09396113155893433,1724
B.1.332,0.9583693615150584,0.09260989357875943,1725
B.1.601,0.9583689466062868,0.09575425543291084,1726
B.1.451,0.9583647986908836,0.09275415492117775,1727
B.1.445,0.958364048770092,0.0937372960463244,1728
B.1.562,0.9583617417691058,0.09940538738320122,1729
B.1.579,0.958355895504658,0.09307553856505381,1730
B.1.168,0.9583548646294532,0.09319392874259447,1731
B.1.304,0.9583524771632576,0.09374886638597958,1732
B.1.321,0.9583495839540956,0.0933510200185839,1733
B.1.333,0.9583491701124656,0.09412701401471762,1734
B.1.12,0.9583487695801848,0.09271853024298586,1735
B.1.298,0.9583476582762424,0.09553242938045199,1736
B.1.390,0.9583475243632932,0.09326805193293072,1737
B.1.38,0.9583473601994515,0.09272791511786468,1738
B.1.496,0.9583186806804056,0.09635416403062497,1739
B.1.40,0.9583013545310032,0.09328434716301466,1740
B.1.510,0.9582991457656248,0.09363884431531064,1741
B.1.326,0.9582963607556232,0.09399073249223878,1742
B.1.613,0.95829539912821,0.09356191429480751,1743
B.1.428,0.95829539912821,0.09356191429480751,1744
B.1.318,0.958295172990012,0.09275072827389098,1745
B.1.576,0.9582803269461904,0.09451194648528555,1746
B.1.599,0.9582432766936656,0.09435451696471035,1747
B.1.358,0.9582341476837184,0.09456581967689258,1748
B.1.292,0.9582204030476094,0.09222086171993418,1749
B.1.293,0.9582179938231082,0.0932348244522272,1750
B.1.574,0.9582063470955904,0.09529922424189054,1751
B.1.160.22,0.9581950145820448,0.09858852477809579,1752
B.1.612,0.9581938202135418,0.09209837849897459,1753
B.1.513,0.9581810496204646,0.09258088571657683,1754
B.1.385,0.9581743701612524,0.09527625194303925,1755
B.1.569,0.958166801651595,0.09741562486628089,1756
B.1.431,0.9581620254385194,0.09272706585554807,1757
B.1.162,0.9581422597212352,0.09390040059448584,1758
B.1.367,0.9581413200227556,0.10041073656244764,1759
B.1.426,0.9581228120881125,0.0942235430555221,1760
B.1.160.23,0.9581162736853424,0.10030169442261397,1761
B.1.504,0.9580861400750932,0.09648110180225303,1762
B.1.598,0.9580649142258474,0.09304878302668228,1763
B.1.508,0.958056271081965,0.0948934469521579,1764
B.1.582,0.9580347151947576,0.09467891471592706,1765
B.1.581,0.9580347151947576,0.09467891471592706,1766
B.1.3,0.9580219082846222,0.0944601682254545,1767
B.1.507,0.958003389637832,0.09451103660598614,1768
B.1.502,0.958003389637832,0.09451103660598614,1769
B.1.498,0.958003389637832,0.09451103660598614,1770
B.1.505,0.958003389637832,0.09451103660598614,1771
B.1.494,0.9579743601005152,0.09420576694653912,1772
B.1.497,0.9579713591912123,0.09500608932375565,1773
B.1.493,0.9579713577878312,0.0941243970034739,1774
B.1.611,0.9579704994550676,0.09460488715986999,1775
B.1.503,0.9579537772919858,0.09519407896688889,1776
B.1.359,0.9579509761353592,0.09460094055990378,1777
B.1.501,0.9579239612050844,0.09584357834826007,1778
B.1.509,0.9578939318147228,0.09514588426559571,1779
B.1.506,0.9578540048337786,0.09572660265072667,1780
B.1.488,0.9578484247166432,0.09385001790424446,1781
B.1.263,0.957847402373387,0.09312463673050524,1782
B.1.160.20,0.9578294930623658,0.09776779726163395,1783
B.1.495,0.9578267081987396,0.09523553706389161,1784
B.1.334,0.9577675772292836,0.09488666095543148,1785
B.1.110.3,0.9577494978103236,0.09451546059867633,1786
B.1.564.1,0.9577438275465556,0.09354747861234244,1787
B.1.369,0.9577262265031308,0.09393982542071977,1788
B.1.622,0.9577084693502652,0.10249869022588294,1789
B.1.448,0.9576771988807876,0.09495619316725014,1790
B.1.641,0.9575405423579842,0.11004012130495018,1791
B.1.284,0.9575368020481758,0.09499365839686945,1792
B.1.265,0.9574872039448152,0.09378689185738141,1793
B.1.500,0.9574678934656984,0.09622496515789765,1794
B.1.424,0.9574630653886894,0.09444512917973656,1795
B.1.309,0.9574585309503628,0.09755040210235236,1796
B.1.336,0.957457194934524,0.09355462611505078,1797
B.1.301,0.957457194934524,0.09355462611505078,1798
B.1.592,0.95745652149133,0.09398241649870025,1799
B.1.571,0.957430666025014,0.09408864149960655,1800
B.1.450,0.9574079529648222,0.09460532033478682,1801
B.1.590,0.9573949982830904,0.09415413773170975,1802
B.1.594,0.9573673720571388,0.09863505620374338,1803
B.1.516,0.957253207439107,0.0962531323770448,1804
B.1.425,0.9572387458565192,0.0963608339973556,1805
B.1.521,0.9571391668733648,0.09599644642658481,1806
B.1.435,0.956927948823822,0.09378962712173448,1807
B.1.363,0.9567600665046158,0.0960853320261096,1808
B.1.499,0.9566648835836612,0.09749055197002474,1809
B.1.370,0.9566303137367188,0.09414598983537803,1810
B.1.465,0.956481113587194,0.09499706565830598,1811
B.1.595.2,0.9563769069626183,0.09650021000451348,1812
B.1.595.4,0.9563633519110234,0.09539485802288614,1813
B.1.577,0.9563100112438908,0.0955806023584892,1814
B.1.567,0.956287603009145,0.09450366868668483,1815
B.1.595,0.956287603009145,0.09450366868668483,1816
B.1.595.3,0.956284611951775,0.0952544606227235,1817
B.1.589,0.956281806409997,0.09457710488311118,1818
B.1.595.1,0.9562649315736944,0.09555715823779073,1819
B.1.568,0.9546941162015884,0.10022475359770984,1820
B.1.1.420,0.95361521192643,0.10796374407341075,1821
AH.3,0.9526480546870164,0.1006980833512846,1822
B.1.1.377,0.9526035342708902,0.10224132191665825,1823
B.1.596,0.9467404961387308,0.10194292896762912,1824
B.1.2,0.9460522953133026,0.1024246734632916,1825
B.1.1.263,0.9396110230462744,0.10073283136229466,1826
B.1.551,0.939091775970654,0.10870816825383155,1827
B.1.36.9,0.9390824381558772,0.11350046345112194,1828
B.1.407,0.9388492454865072,0.11015543647756103,1829
B.1.534,0.9378741822644152,0.11279253520723707,1830
B.1.94,0.9376106394851654,0.10991006744926847,1831
B.1.88.1,0.9372810077698878,0.10954112455318361,1832
B.1.524,0.937143372923361,0.10812968746969367,1833
B.1.550,0.9370662995355856,0.10686973824529007,1834
B.1.258.14,0.93694604403171,0.1106769269253183,1835
B.1.602,0.9367924253733592,0.10708763400533802,1836
B.1.610,0.9367708952365572,0.10709883587429263,1837
B.1.240.2,0.9364474682692896,0.10830747784668834,1838
B.1.554,0.9364393682275268,0.10802063060958511,1839
B.1.240.1,0.9363801689339324,0.1067665157262937,1840
B.1.229,0.9363754245423944,0.10665648971000008,1841
B.1.233,0.9363749790942478,0.10757895253099799,1842
B.1.398,0.9363662248051844,0.10699374365274336,1843
B.1.556,0.9363638632384974,0.10689299238480131,1844
B.1.417,0.9363375087766198,0.10707648550557206,1845
B.1.238,0.9363239211156013,0.10624871455237309,1846
B.1.241,0.9363239211156013,0.10624871455237309,1847
B.1.243,0.9363239211156013,0.10624871455237309,1848
B.1.188,0.9363239211156013,0.10624871455237309,1849
B.1.184,0.9363239211156013,0.10624871455237309,1850
B.1.558,0.9363239211156013,0.10624871455237309,1851
B.1.401,0.9363239211156013,0.10624871455237309,1852
B.1.231,0.9363239211156013,0.10624871455237309,1853
B.1.381,0.9363239211156013,0.10624871455237309,1854
B.1.240,0.9363239211156013,0.10624871455237309,1855
B.1.405,0.936315793217345,0.10729081875251745,1856
B.1.408,0.9363146294447678,0.10649202731923488,1857
B.1.402,0.9363045091035328,0.10658410180753201,1858
B.1.235,0.936267819227944,0.10845501407706526,1859
B.1.403,0.9361697015249012,0.10732556293736682,1860
B.1.236,0.9360864988943776,0.1079667348721034,1861
B.1.234,0.9360611429061683,0.10711481154017855,1862
B.1.397,0.9360152957644372,0.10739870471663251,1863
B.1.421,0.935966020226811,0.11163324043770825,1864
B.1.396,0.9358654147748994,0.1082217112360543,1865
B.1.36.12,0.935816559791576,0.11105009776498205,1866
B.1.239,0.9358096443560896,0.10746138167909414,1867
B.1.404,0.9356213995554252,0.10854983736507888,1868
B.1.561,0.935583234552266,0.107934001812983,1869
B.1.36.19,0.9355809930444008,0.10982313239005316,1870
B.1.242,0.9352951474601556,0.10696978645975314,1871
B.1.36.39,0.935288203327307,0.11216905700681984,1872
B.1.36.28,0.935091934693114,0.10991859951725436,1873
B.1.36.22,0.9348257611203344,0.10980098715183173,1874
B.1.400.1,0.9347801681735304,0.11033000722717126,1875
B.1.36.25,0.934741826624249,0.1154389925086548,1876
B.1.389,0.9347074649473996,0.11258234318975781,1877
B.1.36.37,0.9346366746627957,0.11116679656914051,1878
B.1.36.7,0.9346327760461696,0.10954759017510252,1879
B.1.36.26,0.9346315007946252,0.10937550352333267,1880
B.1.36.35,0.9346143464377424,0.10936677946789032,1881
B.1.480,0.9346041302754576,0.11148538133197836,1882
B.1.36.20,0.9345908398238738,0.1088615477511726,1883
B.1.36.17,0.934580037418118,0.10905301265203801,1884
B.1.36.38,0.934580037418118,0.10905301265203801,1885
B.1.400,0.9345757493160938,0.10751244362143313,1886
B.1.36.8,0.9345676693784838,0.10876728085986455,1887
B.1.36.24,0.9345676693784838,0.10876728085986455,1888
B.1.36,0.9345676693784838,0.10876728085986455,1889
B.1.36.1,0.9345676693784838,0.10876728085986455,1890
B.1.36.16,0.9345676693784838,0.10876728085986455,1891
B.1.456,0.934562595792738,0.10908124651281384,1892
B.1.36.10,0.934535978768086,0.10904704175707974,1893
B.1.36.21,0.9345295338091946,0.11141232286263593,1894
B.1.362.1,0.9345204840017466,0.11319232651915392,1895
B.1.441,0.9344314644375408,0.10901028051975029,1896
B.1.444,0.9343476886990164,0.11110191199504453,1897
B.1.116,0.934333715421279,0.10929416125390631,1898
B.1.362.2,0.934293886601541,0.11098211351348107,1899
B.1.36.36,0.9342236677168472,0.11034922815150952,1900
B.1.362,0.9341608348470912,0.10891591104702983,1901
B.1.232,0.93411602622127,0.10932579457708136,1902
B.1.36.33,0.9340901948120552,0.1175562731459246,1903
B.1.36.34,0.9339553920815054,0.11315238170049942,1904
B.1.36.2,0.9335307944411884,0.11198371532455603,1905
B.1.36.18,0.9311380194735492,0.11330590744909745,1906
B.1.36.29,0.9242109085557536,0.12180196422657368,1907
B.1.177.57,0.8971462658312384,0.12325272122069383,1908
B.1.177.56,0.8971317537222493,0.12290243724494812,1909
B.35,0.8923925806113452,0.10338038007738663,1910
B.1.640.2,0.8687033422741739,0.14939618755981288,1911
B.1.131,0.8619750922138737,0.13582506788835547,1912
B.1.530,0.860560788729182,0.13262918416778424,1913
B.1.308,0.8570357986106888,0.11718666431410613,1914
AU.3,0.8559247500380834,0.13411050203298416,1915
AU.2,0.8556280606979815,0.13471733414083698,1916
B.1.1.261,0.854949079541033,0.12894027286773938,1917
B.1.214.3,0.8541141244303866,0.13181111180465435,1918
B.1.214.4,0.8540367059009937,0.13174125200776435,1919
B.1.525,0.8539708149508857,0.13084151686619003,1920
B.1.466.1,0.8538858116630604,0.1347641316254286,1921
B.1.466.2,0.8538647075458083,0.13081765146583044,1922
B.1.214.1,0.853654073501136,0.12937397344387544,1923
B.1.466,0.8523250538876779,0.12782870338024532,1924
AU.1,0.8521434218605729,0.1338942168322893,1925
B.1.433,0.8515706861000086,0.12664416412938737,1926
B.1.375,0.851448585640604,0.1283466002862096,1927
B.1.411,0.8509730093941839,0.1299985538062096,1928
B.1.280,0.8509060836824214,0.12679042955784325,1929
B.1.342,0.8508899228480826,0.1271970794551091,1930
B.1.596.1,0.8508517959012051,0.13049487178956728,1931
B.1.605,0.8508171080614877,0.12840873676662515,1932
B.1.428.1,0.850724179987439,0.12871006419989905,1933
B.1.346,0.8507113091677186,0.1274558772037375,1934
B.1.428.3,0.8506310758781687,0.12925921711371213,1935
B.1.428.2,0.850468728250025,0.12965141874059274,1936
B.1.591,0.848635025407094,0.1300302199103885,1937
B.1.399,0.8287271587219676,0.13769932082124783,1938
B.1.351.5,0.5503275049605945,0.1458415692416905,1939
B.1.351.2,0.549835110109071,0.1457962299282987,1940
B.1.351.3,0.5497399785850142,0.1446983529445624,1941
B.1.351,0.549170976347886,0.14272459788150746,1942
