	Rank	Gene	Substitution	"Fold Increase
in Fitness"	"Number of
Lineages"
0	1	S	R346K	1.103	32
1	2	S	L452Q	1.101	10
2	3	S	V213G	1.060	87
3	4	S	S704L	1.089	10
4	5	S	T19I	1.058	85
5	6	ORF3a	T223I	1.059	106
6	7	ORF1b	T2163I	1.058	86
7	8	N	S413R	1.050	87
8	9	S	F486V	1.136	68
9	10	ORF1b	T1050N	1.105	10
10	11	ORF9b	D16G	1.105	13
11	12	ORF1b	R1315C	1.049	86
12	13	S	N969K	1.065	124
13	14	M	D3N	1.112	51
14	15	S	N679K	1.060	131
15	16	E	T9I	1.063	122
16	17	S	P681H	1.053	178
17	18	S	H655Y	1.057	152
18	19	N	P13L	1.065	143
19	20	S	T376A	1.041	89
